department,commodity_desc,total_sales,baskets,customers,units,coupon_line_rate,avg_sales_per_line,sales_share
KIOSK-GAS,COUPON/MISC ITEMS,514685.72,20271,1359,221135270,0.0,25.390248137733707,0.06387689461184598
GROCERY,SOFT DRINKS,327647.3,71699,2405,160637,0.013698397032297588,2.7877284484225573,0.040663828893399034
MEAT,BEEF,312103.22,36733,2238,65576,0.0,6.405270697368961,0.03873467577837167
GROCERY,FLUID MILK PRODUCTS,205356.05,69278,2421,116192,0.0038537895597337384,2.3981787924792712,0.025486440081832804
GROCERY,CHEESE,189528.18,46898,2350,96402,0.008746745009013821,2.530923148828203,0.023522066203497886
GROCERY,FRZN MEAT/MEAT DINNERS,160517.17,22777,2069,79391,0.016463327625570776,2.86310591466895,0.019921552032727403
GROCERY,BAG SNACKS,148375.16,42037,2348,80824,0.006295579699360024,2.2082923054025896,0.01841462486726033
GROCERY,BEERS/ALES,147309.68,15527,1606,19860,5.615769079575448e-05,8.272571460661537,0.018282389697279258
GROCERY,FROZEN PIZZA,146037.25,23174,2052,67225,0.0208938702089387,3.3678624140952906,0.01812447026440486
GROCERY,BAKED BREAD/BUNS/ROLLS,145930.85,60311,2400,99713,0.006824298346789696,1.7533022154940407,0.01811126511547106
MISC SALES TRAN,COUPON/MISC ITEMS,119960.04,5992,1393,36080860,0.0,19.828105785123967,0.014888065735946256
GROCERY,COLD CEREAL,111702.42,25166,2142,41303,0.022920517560073937,2.9496282017428044,0.013863224552311568
DELI,DELI MEATS,106539.94,17122,1741,26186,0.00035710034519700033,4.227272150140856,0.013222516683253608
DRUG GM,CIGARETTES,96387.83,10960,998,16842,0.035230132315934734,7.824322591119409,0.01196255310672798
MEAT,CHICKEN,94342.85,15070,1891,26042,0.0001688998986600608,5.311499268100439,0.011708753619259526
MEAT-PCKGD,LUNCHMEAT,93064.24,23732,2147,46290,0.006996388043571002,2.6468029919513096,0.011550067195591792
MEAT,PORK,90263.36,12384,1698,18235,0.00042191125799873427,6.347187961465439,0.01120245406076375
GROCERY,SOUP,86239.69,23347,2188,85009,0.01695993681161964,1.8921341436658037,0.010703082241116518
GROCERY,ICE CREAM/MILK/SHERBTS,82426.6,20090,2151,30629,0.010304096506659964,2.959343697267799,0.01022984519837229
DRUG GM,CANDY - PACKAGED,75868.82,21585,2170,44580,0.006262803628914252,2.2203342112964592,0.009415968679809329
GROCERY,CANNED JUICES,74735.18000000001,20208,2064,35552,0.00857662355483893,2.5639020206525096,0.009275274271563898
GROCERY,REFRGRATD JUICES/DRNKS,72179.2,25938,2113,37668,0.006005910578664717,2.2936604277225205,0.008958055318821267
MEAT-PCKGD,MEAT - MISC,65837.6,8437,1611,11315,0.005713076597545493,6.965467625899281,0.008171008584999933
GROCERY,COFFEE,64555.48,11481,1589,15206,0.01891339272674164,4.7141434204761214,0.008011886540347636
GROCERY,CRACKERS/MISC BKD FD,64528.56,22722,2193,33059,0.007569895367224035,2.170997543989503,0.008008545538380549
GROCERY,WATER - CARBONATED/FLVRD DRINK,63873.1,18019,1891,30061,0.004050489826676714,3.008341183119819,0.007927197353040804
GROCERY,DOMESTIC WINE,61592.29,4537,755,6794,0.0,10.702396177237185,0.0076441293479684175
GROCERY,BATH TISSUES,60620.23,13635,1852,16958,0.058145327734680806,4.3143000498185184,0.007523488398038059
DRUG GM,DIAPERS & DISPOSABLES,59663.7,4584,632,5283,0.11960862619808307,11.913678115015975,0.0074047748537744455
GROCERY,YOGURT,59341.22,17604,1778,74032,0.015862362127212117,1.3276331744859835,0.007364752330953281
GROCERY,VEGETABLES - SHELF STABLE,57690.05,22601,2138,77503,0.0052869364606363545,1.3863801307315198,0.0071598280286504275
GROCERY,BAKED SWEET GOODS,55091.48,18717,1932,31512,0.003051735899185007,1.977937026532151,0.0068373232930779996
GROCERY,LAUNDRY DETERGENTS,55070.25,8476,1644,9385,0.05015815634884772,6.221221192950746,0.00683468846871837
GROCERY,CONVENIENT BRKFST/WHLSM SNACKS,55069.31,13998,1743,25968,0.025058766132966693,2.442422938750166,0.006834571806688315
GROCERY,COOKIES/CONES,54680.96,17137,2050,25570,0.013437307251740242,2.4090651158692395,0.006786374254165369
GROCERY,MEAT - SHELF STABLE,53608.08,13805,1868,43201,0.014728483606557378,2.28859631147541,0.006653220680968978
GROCERY,DOG FOODS,53410.97,7121,949,19769,0.03878276688993633,4.416684859009345,0.006628757646134942
DELI,CHEESES,52299.0,11331,1504,14420,0.008265056777346557,3.758732212160414,0.00649075267000789
MEAT-PCKGD,FROZEN MEAT,50911.020000000004,8233,1566,12586,0.02528172464478197,4.988830965213131,0.006318492495034802
DRUG GM,INFANT FORMULA,50861.79,2636,466,6174,0.019064124783362217,17.62973656845754,0.006312382631482067
SEAFOOD-PCKGD,SEAFOOD - FROZEN,50560.98,6689,1499,9959,0.015085655842495525,6.463945282536436,0.00627504954077928
GROCERY,HISPANIC,47899.9,14266,1920,31735,0.012299866577718479,1.997160607071381,0.005944786780208244
GROCERY,SALD DRSNG/SNDWCH SPRD,47585.87,16769,2137,23260,0.014430960970810102,2.2295773790001405,0.005905812974572141
GROCERY,DINNER MXS:DRY,47209.58,13309,1834,29913,0.016606387855942133,2.4048484539758546,0.005859112171073082
MEAT-PCKGD,BREAKFAST SAUSAGE/SANDWICHES,46085.22,10984,1692,17224,0.012501929310078716,3.556507177033493,0.005719569490103081
MEAT-PCKGD,BACON,45436.41,10880,1693,15981,0.005296058343462406,3.9448176766799796,0.005639046626571698
PRODUCE,POTATOES,45169.62,15330,1973,19074,0.0,2.778984865263935,0.005605935708488534
GROCERY,CONDIMENTS/SAUCES,44856.14,17879,2158,26827,0.02168920643021179,1.9076354512205493,0.005567030162550866
DRUG GM,HAIR CARE PRODUCTS,44840.520000000004,7949,1506,12992,0.028789997532285925,3.6884527432754797,0.005565091587115284
PRODUCE,SALAD MIX,44807.03,15535,1846,20383,0.009126543029310244,2.621367226349968,0.005560935192023244
GROCERY,REFRGRATD DOUGH PRODUCTS,43477.13,14129,1869,25136,0.06609301588977459,2.2951554663991973,0.005395883241204997
GROCERY,FRZN VEGETABLE/VEG DSH,43410.18,12737,1771,31833,0.010990959049813863,1.9238689948590675,0.005387574174277197
MEAT-PCKGD,DINNER SAUSAGE,42889.200000000004,9892,1744,16091,0.023067954696868755,3.5717188540972686,0.005322916105747766
GROCERY,FD WRAPS/BAGS/TRSH BG,42796.19,11242,1906,15493,0.03268251273344652,3.027461092246746,0.005311372770199526
PRODUCE,TOMATOES,41861.79,15322,1882,16569,6.295643414756988e-05,2.6354690254343995,0.005195405747983893
GROCERY,MILK BY-PRODUCTS,41749.4,19707,2030,26567,0.0101628664495114,1.8132204125950055,0.005181457188879853
GROCERY,FRUIT - SHELF STABLE,40925.53,13306,1867,31111,0.008497399702823179,1.9003310735512629,0.0050792078838790035
PRODUCE,TROPICAL FRUIT,40551.23,32503,2155,39831,2.9039377395748635e-05,1.177582471831804,0.0050327540563797415
GROCERY,FRZN NOVELTIES/WTR ICE,40330.18,10358,1744,16209,0.01089108910891089,2.852205091937765,0.0050053198630356
GROCERY,EGGS,39928.17,27836,2230,34239,0.0014805414551607445,1.4075074027072758,0.004955426987820588
GROCERY,HOUSEHOLD CLEANG NEEDS,39364.61,7405,1548,11748,0.04961759082217973,3.763347036328872,0.0048854843775467845
PASTRY,CAKES,38690.65,4463,1428,5465,0.0015748031496062992,7.61626968503937,0.0048018401841687375
GROCERY,DRY BN/VEG/POTATO/RICE,37524.22,13270,1944,28017,0.014330834865412718,1.7689256587941358,0.004657076256811095
DRUG GM,ORAL HYGIENE PRODUCTS,36423.45,7814,1639,11993,0.04891514916698954,3.5280366137156136,0.004520461296361285
PRODUCE,APPLES,36160.75,12543,1759,16404,0.0,2.661422683447413,0.0044878579822174
PRODUCE,BERRIES,34142.310000000005,9127,1542,14336,0.0,3.193855004677269,0.004237352335469839
PRODUCE,GRAPES,34038.69,10158,1763,10927,0.0,3.164035136642499,0.004224492208284496
GROCERY,PASTA SAUCE,33993.4,11725,1816,19456,0.018326002932160468,2.2653205384512862,0.004218871332389649
MEAT-PCKGD,HOT DOGS,33983.23,10998,1788,18364,0.006550218340611353,2.8538150822976154,0.004217609148511296
GROCERY,CAT FOOD,33590.68,6563,743,30240,0.01986428130783467,2.0722196175200494,0.004168890340109383
DRUG GM,GREETING CARDS/WRAP/PARTY SPLY,33396.590000000004,7607,1604,13671,0.0,2.801727348993289,0.004144802113074032
PRODUCE,VEGETABLES - ALL OTHERS,33137.56,16420,1892,25436,0.0,1.6255057392328067,0.004112654277281528
DRUG GM,MAGAZINE,32785.65,7259,1211,9802,0.0016368286445012788,3.3540306905370847,0.004068979240051324
DELI,CHICKEN/POULTRY,32295.98,5915,1222,6899,0.00015855398763278897,5.1206564135088,0.004008207009991041
GROCERY,PNT BTR/JELLY/JAMS,32167.93,10373,1898,14262,0.030225923355694347,2.480370884416686,0.003992314911109714
GROCERY,BAKING MIXES,31079.76,11292,1815,24063,0.022337633327748924,1.7356207069860947,0.0038572637182968015
SALAD BAR,SALAD BAR,30878.83,8402,1152,10647,0.0,3.251087597388924,0.003832326588829992
GROCERY,BAKING NEEDS,30533.71,10402,1815,17848,0.006867660188173889,2.0969514456424694,0.003789494248604115
GROCERY,PAPER TOWELS,30254.54,10178,1600,15176,0.026105737627946286,2.8410686449431872,0.003754846866763428
KIOSK-GAS,FUEL,29536.56,1788,346,119617,0.0,16.519328859060405,0.0036657394153396484
MEAT-PCKGD,HEAT/SERVE,28240.170000000002,5288,1212,7665,0.021326276463262763,4.396041407222914,0.003504846341784293
GROCERY,SPICES & EXTRACTS,28220.11,9469,1904,14102,0.0054800864464340845,2.1781498919419575,0.003502356724419518
DRUG GM,CANDY - CHECKLANE,28116.66,23322,2142,57594,0.004389049883240019,0.7910604057057649,0.003489517695686419
GROCERY,SHORTENING/OIL,28097.65,8266,1812,9627,0.021407068792507526,3.132751700301037,0.003487158392291386
GROCERY,SUGARS/SWEETNERS,27505.62,10299,1872,12855,0.006235180468955827,2.4155282339509965,0.0034136824118094497
MEAT,SMOKED MEATS,27126.22,3932,1160,4554,0.001221001221001221,6.624229548229549,0.0033665956307428716
DRUG GM,COLD AND FLU,25642.44,4893,1416,6800,0.004690279799450105,4.147248908296943,0.0031824458573876577
DRUG GM,ANALGESICS,25426.21,4258,1315,5528,0.001887188089746278,5.331560075487523,0.003155609867218901
NUTRITION,REFRIGERATED,25323.02,5177,729,10216,0.002468814968814969,3.2904132016632017,0.0031428031067068816
GROCERY,SEAFOOD - SHELF STABLE,24991.74,7891,1565,22011,0.007568169170840289,2.7814958263772955,0.00310168842871074
GROCERY,PAPER HOUSEWARES,24952.22,7696,1611,12385,0.011895841139003372,2.337225552641439,0.003096783659106757
GROCERY,FRZN BREAKFAST FOODS,24927.7,7304,1404,12797,0.039169419537517694,2.352779613025012,0.0030937405176419378
GROCERY,ISOTONIC DRINKS,24753.33,5354,1156,14647,0.004323474501326521,2.432281615407291,0.003072099711066874
DELI,SALADS/DIPS,24600.99,6038,1406,8279,0.003537735849056604,3.2234001572327045,0.003053193015685528
PRODUCE,CITRUS,24527.9,10163,1654,26103,0.0,2.1311929794074205,0.0030441219223060964
DRUG GM,BABY FOODS,24073.6,4238,582,31337,0.015523678522303007,1.1826292002358025,0.0029877394113979605
PRODUCE,ONIONS,23771.86,15634,1938,18880,0.0001179871394018052,1.4023868798300985,0.0029502908997505453
COSMETICS,MAKEUP AND TREATMENT,23513.81,3962,1083,6168,0.016204477113264282,3.9281339792849987,0.0029182646903298005
GROCERY,DRY NOODLES/PASTA,23361.48,14021,1962,22070,0.006231608101090531,1.347959148346893,0.0028993592360338806
GROCERY,MARGARINES,23123.26,13559,1960,17214,0.02380126292415516,1.6045562417597667,0.00286979409901311
GROCERY,MISC. DAIRY,22931.53,7342,1552,10419,0.012294623896278082,2.5630412428747067,0.0028459987681383205
DRUG GM,SHAVING CARE PRODUCTS,22928.57,3297,1042,4261,0.05197712011937329,5.702205918925641,0.0028456314068521925
DELI,PREPARED FOOD,21906.44,4726,989,5770,0.0006093845216331506,4.449815153361771,0.0027187763421933045
DRUG GM,SOAP - LIQUID & BAR,21681.52,5868,1448,8148,0.04627822693058266,3.0222358516866463,0.0026908618487892595
SPIRITS,LIQUOR,21670.88,1922,563,2290,0.0,10.226937234544597,0.0026895413338958794
DRUG GM,PREPAID WIRELESS&ACCESSORIES,21644.47,1052,302,1213,0.0,19.41208071748879,0.0026862636272855255
GROCERY,FRZN POTATOES,21579.3,8114,1515,11297,0.013662911973299958,2.250657071339174,0.002678175473563572
GROCERY,IMPORTED WINE,21498.68,1729,376,2398,0.0,10.174481779460482,0.0026681698428582807
MEAT,TURKEY,21258.670000000002,2799,972,3858,0.004383007417397168,7.167454484153743,0.002638382551546237
DRUG GM,HAND/BODY/FACIAL PRODUCTS,20891.14,2856,923,3624,0.04242952630049404,6.0712409183376925,0.0025927689388804496
GROCERY,FROZEN PIE/DESSERTS,20835.32,6436,1502,9634,0.02512627897940681,2.698526097655744,0.0025858412000319088
GROCERY,LAUNDRY ADDITIVES,20265.74,4455,1208,5180,0.04639485840530227,4.070243020686886,0.0025151514563315877
DRUG GM,FEMININE HYGIENE,20060.81,4305,1178,5494,0.029804528740081285,3.8824869363266887,0.0024897178926943345
SEAFOOD,SEAFOOD-FRESH,19838.78,2699,703,3335,0.0,6.604121171770972,0.002462162072978434
FLORAL,FLORAL-FRESH CUT,19784.57,2220,821,3112,0.0036930652441526466,8.118411981945014,0.002455434148883497
DRUG GM,VITAMINS,19737.03,2001,731,3024,0.04905193734542457,8.135626545754327,0.0024495340287677744
PASTRY,BREAKFAST SWEETS,19664.37,8194,1565,14693,0.00033994334277620395,2.228257223796034,0.002440516302061666
GROCERY,FROZEN BREAD/DOUGH,19355.170000000002,7195,1510,9422,0.06509100101112235,2.4463056117290196,0.002402141940686373
PRODUCE,VALUE ADDED FRUIT,19009.01,5858,1296,7365,0.0023446658851113715,2.785611078546307,0.002359180527576181
GROCERY,DISHWASH DETERGENTS,18891.59,6234,1501,7233,0.07447421492365312,2.721346874099683,0.002344607702502808
GROCERY,FACIAL TISS/DNR NAPKIN,18828.93,6857,1352,10426,0.028205128205128206,2.4139653846153846,0.0023368310612228087
DRUG GM,STATIONERY & SCHOOL SUPPLIES,18305.260000000002,4669,1334,9068,0.0010198135198135198,2.6668502331002335,0.0022718391407137543
GROCERY,BEANS - CANNED GLASS & MW,18005.33,9501,1714,21277,0.0029802658074909384,1.450288360853806,0.002234615265528465
GROCERY,AIR CARE,17699.31,3825,1119,6861,0.08873290136789057,3.1856209503239743,0.0021966355693186744
PASTRY,BREAD,17484.420000000002,7872,1329,10195,0.00011502185415228893,2.011090407177364,0.0021699658845970166
GROCERY,SNACK NUTS,17325.82,4685,1183,6336,0.006348020911127707,3.2348431665421957,0.0021502822697389264
GROCERY,HOT CEREAL,17172.94,5607,1440,7193,0.019507663725034836,2.658761418176188,0.0021313085557445703
PRODUCE,ORGANICS FRUIT & VEGETABLES,17053.87,5295,1239,7085,0.0006205398696866273,2.6456515668631706,0.00211653095157589
GROCERY,CAT LITTER,17048.3,2952,542,3672,0.0488997555012225,5.210360635696821,0.0021158396669935468
GROCERY,BUTTER,16887.94,4952,983,6183,0.017839829358153966,3.2747605196819856,0.002095937621100462
PRODUCE,STONE FRUIT,16629.0,5523,1319,6652,0.0,2.509658919408391,0.002063800955076793
GROCERY,PWDR/CRYSTL DRNK MX,16366.2,5326,1268,31107,0.0010961156402000411,1.1212029869151197,0.0020311852300786467
DRUG GM,DIETARY AID PRODUCTS,16339.93,1790,495,3457,0.008319467554076539,6.796975873544094,0.002027924898664258
PRODUCE,PEPPERS-ALL,16150.66,8257,1500,13593,0.0,1.6317094362497475,0.0020044348748042913
DRUG GM,DEODORANTS,15897.12,4259,1298,5660,0.049458128078817734,3.1324374384236453,0.0019729683949107216
PRODUCE,CARROTS,15866.42,8408,1575,9250,0.0005874750323111268,1.8642251204323816,0.0019691582626525667
GROCERY,WAREHOUSE SNACKS,15848.49,6554,1528,10633,0.014806629834254143,1.751214364640884,0.001966932996483553
DRUG GM,BABY HBC,15706.91,3986,1016,5125,0.04798962386511025,3.3953545179420663,0.0019493617090207008
DRUG GM,BOOKSTORE,15683.83,1511,639,1934,0.0010666666666666667,8.364709333333334,0.001946497283857241
PRODUCE,PROCESSED,15597.79,4696,1280,5851,0.013187641296156745,2.9385437076111534,0.0019358189848509987
GROCERY,PICKLE/RELISH/PKLD VEG,15569.83,6166,1535,7611,0.04624522698345354,2.201927591571206,0.0019323489099995976
PASTRY,COOKIES,15203.03,3702,1229,5614,0.0010412328196584756,3.1659787588504793,0.0018868258965699164
DRUG GM,SPRING/SUMMER SEASONAL,15043.96,1929,972,2677,0.0,7.033174380551659,0.0018670839506967991
PRODUCE,MELONS,14194.82,4351,1179,5380,0.0,3.0169649309245483,0.0017616984228241725
PRODUCE,VEGETABLES SALAD,14032.88,10747,1633,12468,0.0,1.2279383969198459,0.001741600285433762
DRUG GM,AUDIO/VIDEO PRODUCTS,13669.859999999999,919,518,1065,0.005591798695246971,12.739850885368126,0.00169654640229515
GROCERY,MOLASSES/SYRUP/PANCAKE MIXS,13504.34,4514,1373,5882,0.020393165533713026,2.481047216608488,0.0016760039563221926
DRUG GM,BATTERIES,13169.63,2260,997,2943,0.05397070161912105,5.076958365458751,0.0016344635860248956
PASTRY,PIES,12894.57,2787,892,3116,0.0,4.268311817279047,0.0016003262902943391
GROCERY,PET CARE SUPPLIES,12886.64,2515,751,3494,0.004130918334922148,4.094896727041626,0.0015993421095514345
GROCERY,DRY SAUCES/GRAVY,12742.94,6491,1385,13609,0.005970512976727184,1.5526916047276715,0.0015815077119782472
PRODUCE,POPCORN,12526.65,3934,1189,5440,0.03820524211461573,2.78246334962239,0.0015546642752969338
DRUG GM,SINUS AND ALLERGY,12359.57,1685,701,1893,0.013023782559456399,6.9986240090600225,0.0015339282199975032
DRUG GM,FIRST AID PRODUCTS,11949.07,2647,1075,3449,0.010223048327137546,3.7016945477075587,0.0014829816632557253
PRODUCE,MUSHROOMS,11874.02,4742,905,5583,0.0,2.3929907295445387,0.0014736673171327768
GROCERY,DRY MIX DESSERTS,11791.03,5452,1438,13810,0.011385401149180676,1.2546318365609705,0.0014633675491814975
DRUG GM,CHARCOAL AND LIGHTER FLUID,11693.630000000001,1988,747,2632,0.006944444444444444,5.075360243055556,0.0014512793771311952
GROCERY,TEAS,11625.35,3498,1109,4328,0.027833001988071572,2.8890034791252486,0.0014428052458417221
DRUG GM,ANTACIDS,11508.76,1753,722,2205,0.008999470619375331,6.092514557967179,0.0014283354308587163
DRUG GM,CHRISTMAS  SEASONAL,11112.27,1916,883,4485,0.0,3.8464070612668744,0.0013791276347989174
DRUG GM,TOYS AND GAMES,10878.62,1936,774,2939,0.0,4.570848739495799,0.0013501296738178787
NUTRITION,FROZEN,10721.33,1546,324,3417,0.0025519504192489974,3.9086146554866934,0.0013306086411506088
MISC. TRANS.,NO COMMODITY DESCRIPTION,10678.69,2255,935,3520,0.0008507018290089324,4.5421905572096986,0.0013253166528936799
DRUG GM,ELECTRICAL SUPPPLIES,10534.93,2655,1063,4076,0.008567931456548347,3.2236627906976745,0.0013074748088079356
PASTRY,ROLLS,10401.59,5105,1231,8137,0.004163649529326575,1.8829815351194787,0.001290926175736197
DRUG GM,BROOMS AND MOPS,10249.79,3047,1095,3998,0.013710128707330722,2.867876329043089,0.0012720864989678613
PRODUCE,BROCCOLI/CAULIFLOWER,10011.03,4498,998,5758,0.0,1.9954215666733108,0.0012424543433340808
GROCERY,COCOA MIXES,9778.94,3826,1208,4918,0.015081206496519721,2.268895591647332,0.0012136499916795152
GROCERY,BLEACH,9671.29,3553,1167,4145,0.017787078210829192,2.529764582788386,0.0012002897070674508
NUTRITION,DRIED FRUIT,9548.08,3001,890,3893,0.009313154831199068,2.7788358556461,0.0011849982935323608
GROCERY,MISC WINE,9453.74,1293,593,1605,0.0,6.560541290770298,0.0011732898936224476
SEAFOOD,SEAFOOD - FROZEN,9439.76,993,406,1188,0.0,8.930709555345317,0.0011715548561967472
NUTRITION,FITNESS&DIET,9335.2,1651,363,5941,0.003964321110009911,3.0839775355137102,0.0011585780669813508
PRODUCE,NUTS,9030.48,1843,640,2232,0.012487512487512488,4.5107292707292705,0.0011207597118769546
DRUG GM,LAXATIVES,8913.64,1383,498,1840,0.004726536124240378,6.018663065496286,0.0011062588697582961
DRUG GM,PLASTIC HOUSEWARES,8512.03,2197,1007,3547,0.01732768579129765,3.2776395841355415,0.0010564156379603293
DRUG GM,TICKETS,8243.08,709,324,875,0.0,11.528783216783216,0.0010230366454251256
DRUG GM,IN-STORE PHOTOFINISHING,8052.64,725,312,1213,0.0,8.937447280799113,0.000999401414570304
PRODUCE,VALUE ADDED VEGETABLES,7664.37,2101,698,2770,0.00043346337234503684,3.32222366710013,0.0009512137907307668
FLORAL,ROSES,7425.27,505,322,576,0.0,14.362224371373308,0.0009215394381924988
DRUG GM,EYE AND EAR CARE PRODUCTS,7417.76,1110,510,1263,0.009038619556285949,6.095119145439606,0.0009206073830374908
DRUG GM,KITCHEN GADGETS,7297.43,1925,1017,2619,0.0,3.2318113374667847,0.0009056734021051202
DRUG GM,FILM AND CAMERA PRODUCTS,7216.8,1002,574,1229,0.031805425631431246,6.7509822263797945,0.0008956665303144027
GARDEN CENTER,GARDEN CENTER,7164.66,512,282,1211,0.0,11.108,0.0008891955109026698
NUTRITION,CEREAL/BREAKFAST,7022.84,1464,330,2081,0.012605042016806723,3.688466386554622,0.0008715944373895909
DRUG GM,COOKWARE & BAKEWARE,6707.57,1034,654,1393,0.014705882352941176,5.802396193771626,0.0008324667371606498
DELI,PARTY TRAYS,6698.49,404,259,479,0.004338394793926247,14.530347071583513,0.0008313398315937427
GROCERY,FRZN ICE,6576.25,2407,871,2911,0.0,2.6635277440259215,0.0008161688033449853
DRUG GM,INFANT CARE PRODUCTS,6389.78,1144,448,1522,0.013231197771587743,4.449707520891365,0.0007930262834043293
MEAT-PCKGD,MISCELLANEOUS,5976.6900000000005,2207,828,2631,0.00904392764857881,2.5739405684754524,0.0007417582855371893
DRUG GM,CANDLES/ACCESSORIES,5926.88,1207,610,2405,0.0006060606060606061,3.592048484848485,0.0007355764390297399
DRUG GM,NEWSPAPER,5911.7,4817,802,5436,0.0,1.0986247909310536,0.0007336924713529062
GROCERY,OLIVES,5888.06,2647,814,3460,0.0,2.011636487871541,0.0007307585454055845
NUTRITION,CHIPS&SNACKS,5840.83,1694,470,2189,0.0020100502512562816,2.9350904522613064,0.0007248968989380712
GROCERY,FRZN FRUITS,5726.35,1100,406,1811,0.0,4.055488668555241,0.0007106889529799745
GROCERY,FRZN JCE CONC/DRNKS,5724.51,1898,531,5026,0.001422475106685633,2.0357432432432434,0.0007104605932615704
GROCERY,FLOUR & MEALS,5723.6,3137,1164,3535,0.007473841554559043,1.7110911808669658,0.0007103476544877944
SEAFOOD-PCKGD,FROZEN - BOXED(GROCERY),5653.2,893,460,1171,0.02368692070030896,5.822039134912461,0.0007016104130879864
PRODUCE,CORN,5435.38,2754,923,13874,0.0,1.9586954954954956,0.0006745770903364785
PASTRY,SWEET GOODS & SNACKS,5300.05,1613,655,2008,0.0,3.0653846153846156,0.0006577814812649443
DRUG GM,HARDWARE SUPPLIES,5207.57,1190,652,1670,0.0,3.829095588235294,0.0006463039232442874
DELI,SUSHI,5162.85,630,126,911,0.0,6.052579132473623,0.0006407537892187277
DRUG GM,ADULT INCONTINENCE,4995.97,509,136,638,0.05063291139240506,9.034303797468356,0.0006200425556278193
DRUG GM,FAMILY PLANNING,4853.49,562,335,595,0.0016891891891891893,8.198462837837837,0.000602359570476617
PRODUCE,HERBS,4668.7300000000005,3290,832,3836,0.0,1.2594362017804155,0.0005794292761438257
DELI,SANDWICHES,4665.25,898,308,1327,0.0,4.485817307692308,0.0005789973784155397
GROCERY,COUPON/MISC ITEMS,4564.33,1371,832,1760,0.0,3.278972701149425,0.0005664723442952469
COSMETICS,BATH,4532.35,1054,547,1403,0.008333333333333333,3.4335984848484853,0.00056250335310255
PRODUCE,PEARS,4519.17,1991,606,2045,0.0,2.1980398832684824,0.0005608676025109382
DRUG GM,COFFEE FILTERS,4502.8,1647,725,1773,0.0029779630732578916,2.6818344252531268,0.0005588359456683977
SEAFOOD-PCKGD,SEAFOOD-FRESH,4496.78,1078,401,1540,0.0,3.7473166666666664,0.00055808881224188
FLORAL,FLORAL-FLOWERING PLANTS,4490.84,489,343,600,0.0,8.892752475247525,0.0005573516074987712
DRUG GM,HAIR CARE ACCESSORIES,4345.320000000001,1199,640,1570,0.0,2.9085140562249,0.0005392913323780319
GROCERY,FROZEN CHICKEN,4201.64,466,264,606,0.006048387096774193,8.471048387096776,0.0005214594169756965
DELI,SNACKS,4178.150000000001,1270,458,1641,0.004189944134078212,2.9177025139664807,0.0005185441073097663
DRUG GM,DOMESTIC GOODS,3988.52,753,480,1270,0.0011627906976744186,4.637813953488372,0.0004950094043744597
NUTRITION,WATER,3904.39,1425,453,3672,0.0,1.6990382941688424,0.000484568152684604
NUTRITION,JUICE,3854.33,931,325,1514,0.0354295837023915,3.4139326837909656,0.00047835527904150195
DRUG GM,HALLOWEEN,3847.39,634,404,1110,0.0,4.223260153677278,0.00047749396575578226
DRUG GM,FOOT CARE PRODUCTS,3828.9,524,317,636,0.008771929824561403,6.717368421052631,0.0004751991988029066
GROCERY,CANNED MILK,3783.82,1815,750,3243,0.0035971223021582736,1.944409044193217,0.00046960438570200683
DRUG GM,HOSIERY/SOCKS,3755.53,751,367,1111,0.018458197611292075,4.077665580890336,0.00046609335503154425
DRUG GM,AUTOMOTIVE PRODUCTS,3716.85,926,564,1259,0.0028089887640449437,3.480196629213483,0.0004612928366033543
NUTRITION,SNKS/CKYS/CRKR/CNDY,3702.1800000000003,954,321,2222,0.011695906432748537,2.4055750487329437,0.0004594721642832523
NUTRITION,RICE CAKES,3610.61,1248,445,1908,0.0036991368680641184,2.226023427866831,0.00044810754503637145
DRUG GM,DISPOSIBLE FOILWARE,3574.7000000000003,1012,590,1305,0.0,3.232097649186257,0.0004436508072712137
DRUG GM,APPAREL,3551.72,458,306,635,0.00196078431372549,6.964156862745098,0.000440798792962015
DRUG GM,TOBACCO OTHER,3547.93,931,425,1128,0.005274261603375527,3.742542194092827,0.00044032842158551967
DRUG GM,INSECTICIDES,3482.69,680,446,931,0.029487179487179487,4.46498717948718,0.00043223158026558405
PRODUCE,SQUASH,3374.94,2054,545,2417,0.0,1.4270359408033826,0.0004188588847992587
DRUG GM,IRONING AND CHEMICALS,3346.0099999999998,401,290,531,0.0,6.856577868852458,0.00041526842466152507
DRUG GM,LAWN AND GARDEN SHOP,3187.55,301,189,560,0.0,9.688601823708208,0.0003956021849994006
DRUG GM,J-HOOKS,3167.2200000000003,914,544,1021,0.0,3.3060751565762008,0.0003930790583281208
DRUG GM,SMOKING CESSATIONS,3030.67,79,28,81,0.0,38.36291139240507,0.0003761320368346013
DRUG GM,SUNTAN,3025.9900000000002,368,283,451,0.0228310502283105,6.90865296803653,0.0003755512088551823
NUTRITION,PREPARED/PKGD FOODS,2862.35,672,194,1312,0.002014098690835851,2.882527693856999,0.0003552420869423332
FLORAL,FLORAL-FOLIAGE PLANTS,2769.45,266,189,336,0.0,9.751584507042253,0.0003437124033337798
GROCERY,SYRUPS/TOPPINGS,2707.93,1064,575,1411,0.02092675635276532,2.0238639760837067,0.00033607724579235674
TRAVEL & LEISUR,APPLES,2537.26,845,478,940,0.0,2.9745134818288395,0.0003148956408249531
COSMETICS,FRAGRANCES,2535.61,112,93,114,0.00847457627118644,21.48822033898305,0.00031469086172964506
SEAFOOD-PCKGD,SEAFOOD - MISC,2354.7400000000002,1133,575,1325,0.003286770747740345,1.9348726376335252,0.0002922433496276101
CHEF SHOPPE,UNKNOWN,2290.8,749,382,875,0.0,2.990600522193212,0.0002843078494130686
DRUG GM,PERSONAL CARE APPLIANCES,2234.34,164,138,171,0.0,12.915260115606937,0.00027730068109725674
DRUG GM,FALL AND WINTER SEASONAL,2194.27,286,224,396,0.006060606060606061,6.64930303030303,0.0002723276517948376
GROCERY,LIQUOR,2149.65,506,303,647,0.01206896551724138,3.7062931034482762,0.00026678992862353893
FLORAL,FLORAL BALLOONS,2090.16,362,260,477,0.0,5.148177339901477,0.000259406711423616
NUTRITION,NON-DAIRY BEVERAGES,2073.58,528,115,950,0.0368,3.317728,0.0002573489917871271
DRUG GM,VALENTINE,2053.2400000000002,445,327,727,0.0,3.253946117274168,0.00025482462403042126
DRUG GM,SPORTS MEMORABLILIA,2013.98,202,161,261,0.0,8.186910569105692,0.000249952122647517
DRUG GM,OVERNIGHT PHOTOFINISHING,1937.3,163,96,256,0.0,11.070285714285713,0.00024043547960011252
DRUG GM,EASTER,1913.74,574,396,1183,0.0,2.447237851662404,0.00023751148233619956
GROCERY,NEW AGE,1794.3999999999999,564,262,733,0.020066889632107024,3.00066889632107,0.00022270036886101375
DRUG GM,PORTABLE ELECTRIC APPLIANCES,1778.02,125,113,129,0.0,13.783100775193798,0.00022066747093304708
FLORAL,FLORAL- HARD GOODS,1773.16,239,169,310,0.0,6.872713178294574,0.00022006430341595806
NUTRITION,CONDIMENTS,1630.41,389,176,463,0.0,3.5754605263157897,0.0002023478089582509
NUTRITION,SOUP,1560.25,351,124,680,0.017953321364452424,2.8011669658886893,0.00019364035360866958
DRUG GM,HOME FURNISHINGS,1554.08,92,73,124,0.0,14.661132075471697,0.0001928746039007603
PRODUCE,SEASONAL,1541.26,243,202,403,0.0,5.997120622568094,0.00019128353238448843
NUTRITION,BAKING,1526.3500000000001,334,147,482,0.0,3.796890547263682,0.00018943307401415982
COSMETICS,COSMETIC ACCESSORIES,1465.3600000000001,204,154,251,0.0,6.660727272727273,0.00018186369400032053
MEAT,EXOTIC GAME/FOWL,1387.16,201,132,261,0.00980392156862745,6.7998039215686275,0.0001721584059681475
DELI,DELI SPECIALTIES (RETAIL PK),1321.78,425,261,500,0.0,2.8734347826086957,0.0001640441894522463
DRUG GM,FIREWORKS,1317.8799999999999,163,133,290,0.0,6.04532110091743,0.00016356016613606374
MEAT,LAMB,1307.43,178,64,293,0.0,6.025023041474655,0.00016226323186577978
DRUG GM,PROPANE,1300.9299999999998,55,44,58,0.0,22.82333333333333,0.00016145652633880883
DRUG GM,GLASSES/VISION AIDS,1276.18,132,96,141,0.0,9.181151079136692,0.0001583848399091889
NUTRITION,PACKAGED NATURAL SNACKS,1264.53,367,200,488,0.0,3.06181598062954,0.0001569389753877718
NUTRITION,BEVERAGE,1238.54,378,133,554,0.0,3.0809452736318406,0.0001537133943653143
DRUG GM,ETHNIC PERSONAL CARE,1164.79,302,156,382,0.0,3.114411764705882,0.0001445603893477598
PASTRY,DELI SUPPLIES,1128.75,366,287,433,0.0,3.084016393442623,0.00014008751747206268
GROCERY,BIRD SEED,1120.03,262,103,361,0.0,3.446246153846154,0.00013900529098049555
DRUG GM,GLASSWARE & DINNERWARE,1117.07,177,151,386,0.010309278350515464,5.7580927835051545,0.00013863792969436728
COUP/STR & MFG,COUPONS/STORE & MFG,1027.72,816,442,1011,0.02692778457772338,1.257919216646267,0.00012754883141208263
PASTRY,BAKERY PARTY TRAYS,972.4300000000001,127,98,159,0.0,7.046594202898551,0.00012068687009112551
DRUG GM,HOME FREEZING & CANNING SUPPLY,963.53,152,102,310,0.024154589371980676,4.654734299516908,0.00011958230406188841
DRUG GM,CONTINUITIES,805.99,156,115,202,0.0,4.02995,0.00010003024425896593
DELI,DELI SUPPLIES,801.04,217,179,237,0.0,3.6914285714285713,9.941590697304194e-05
RESTAURANT,COFFEE SHOP,774.85,199,60,261,0.0,3.1243951612903227,9.616550424206226e-05
RESTAURANT,QUICK SERVICE,719.54,132,60,160,0.0,5.410075187969925,8.930106075025291e-05
NUTRITION,DRY TEA/COFFEE/COCO MIX,710.83,149,80,209,0.005050505050505051,3.590050505050505,8.822007534411191e-05
DRUG GM,LONG DISTANCE CALLING CARDS,690.57,61,30,63,0.0,11.32081967213115,8.570563627081492e-05
DRUG GM,CIGARS,668.75,165,73,203,0.0,4.004491017964072,8.299758787104489e-05
FROZEN GROCERY,UNKNOWN,646.87,245,172,296,0.0,2.5874800000000002,8.028209295871821e-05
DRUG GM,SHOE CARE,637.49,224,181,288,0.0035460992907801418,2.260602836879433,7.91179548290279e-05
NUTRITION,BABYFOOD,633.49,140,33,794,0.01263157894736842,1.3336631578947369,7.862152065858427e-05
FLORAL,FLORAL-ACCESSORIES,604.15,82,66,115,0.0,7.192261904761905,7.498017601838021e-05
FLORAL,GIFT & FRUIT BASKETS,599.87,21,20,47,0.0,28.565238095238094,7.444899145600553e-05
MEAT,VEAL,537.96,103,65,139,0.0,5.075094339622642,6.67654315829642e-05
NUTRITION,NON EDIBLE PRODUCTS,507.64,77,28,99,0.0,5.343578947368421,6.300246057100145e-05
GARDEN CENTER,UNKNOWN,503.16,73,60,125,0.0,6.7088,6.244645430010459e-05
RESTAURANT,COFFEE SHOP SWEET GOODS&RETAIL,492.37,79,51,83,0.0,5.861547619047619,6.11073231253329e-05
AUTOMOTIVE,COUPON,451.66,63,59,65,0.0,7.16920634920635,5.605486435564282e-05
DELI,SERVICE BEVERAGE,393.63,313,112,374,0.0,1.1509649122807017,4.885284562793181e-05
NUTRITION,BREAD,376.90000000000003,107,81,110,0.0,3.5224299065420563,4.677650971005132e-05
DRUG GM,SEWING,363.25,151,131,197,0.0,2.0069060773480665,4.508242810341242e-05
DRUG GM,DOLLAR VALUE PRODUCTS,354.63,170,142,325,0.0,1.5974324324324325,4.4012612466106394e-05
NUTRITION,NATURAL VITAMINS,328.17,32,27,33,0.03125,10.2553125,4.072870042862176e-05
GROCERY,FRZN SEAFOOD,314.29,64,49,72,0.0,4.91078125,3.900607385718235e-05
COSMETICS,COUPON/MISC ITEMS,313.24,48,44,48,0.0,6.525833333333334,3.88757598874409e-05
MEAT,(CORP USE ONLY),283.4,61,54,76,0.0,4.645901639344262,3.517236097593139e-05
DRUG GM,WATCHES/CALCULATORS/LOBBY,258.75,42,36,49,0.0,6.017441860465116,3.211308540057251e-05
DRUG GM,NATURAL HBC,214.49,36,29,51,0.0,4.37734693877551,2.662004130461371e-05
SEAFOOD,MEAT SUPPLIES,201.95000000000002,28,26,28,0.0,7.2125,2.506372018027292e-05
DRUG GM,COUPON/MISC ITEMS,185.2,13,12,17,0.0,14.246153846153845,2.2984902091540205e-05
RX,PHARMACY,147.56,13,13,14,0.0,11.350769230769231,1.831345654766562e-05
GROCERY,RESTRICTED DIET,131.05,38,26,59,0.0,2.569607843137255,1.6264424509159526e-05
DRUG GM,HOME HEALTH CARE,126.07,9,8,9,0.0,14.007777777777777,1.5646363966957202e-05
GROCERY,BOTTLE DEPOSITS,116.6,81,18,190,0.0,1.2273684210526314,1.4471056068431901e-05
GM MERCH EXP,COUPON/MISC ITEMS,92.06,47,31,51,0.0,1.9587234042553192,1.1425432432760214e-05
DRUG GM,MISCELLANEOUS HBC,87.4,28,22,31,0.0,3.1214285714285714,1.0847086624193381e-05
FLORAL,BOUQUET (NON ROSE),80.9,10,10,10,0.0,8.09,1.0040381097222478e-05
SALAD BAR,PROD SUPPLIES,74.47,18,18,12,0.0,4.137222222222222,9.242363168234337e-06
MEAT,MEAT SUPPLIES,71.64,16,10,25,0.0,4.4775,8.891135992645467e-06
DAIRY DELI,EGGS,67.45,52,49,75,0.0,1.2971153846153847,8.371121199105761e-06
MEAT,RW FRESH PROCESSED MEAT,58.77,27,17,34,0.0,2.0989285714285715,7.293859049243078e-06
CNTRL/STORE SUP,COUPON/MISC ITEMS,49.05,21,20,22,0.0,2.3357142857142854,6.087524015065049e-06
PRODUCE,DRIED FRUIT,48.66,23,22,27,0.0,1.8715384615384614,6.039121683446795e-06
MEAT,MEAT - MISC,42.68,11,8,17,0.0,3.88,5.296952598633564e-06
PHOTO,REFRGRATD DOUGH PRODUCTS,41.400000000000006,17,17,19,0.17647058823529413,2.435294117647059,5.138093664091602e-06
NUTRITION,BULK FOODS,41.02,9,8,8,0.0,4.557777777777778,5.090932417899457e-06
NUTRITION,ORGANICS FRUIT & VEGETABLES,40.39,14,12,14,0.0,2.8850000000000002,5.012744036054584e-06
DELI/SNACK BAR,DELI SUPPLIES,36.08,11,10,12,0.0,3.28,4.477836217401569e-06
DRUG GM,FD WRAPS/BAGS/TRSH BG,36.03,9,9,11,0.0,4.003333333333334,4.471630790271024e-06
VIDEO,BEERS/ALES,34.769999999999996,3,3,3,0.0,11.589999999999998,4.315254026581279e-06
FLORAL,EASTER LILY,31.98,1,1,2,0.0,31.98,3.968991192696845e-06
DRUG GM,FRAGRANCES,29.99,1,1,1,0.0,29.99,3.722015192901138e-06
PRODUCE,SALAD BAR,28.25,5,4,6,0.0,5.65,3.506066328758158e-06
SEAFOOD-PCKGD,PKG.SEAFOOD MISC,27.92,6,2,8,0.0,4.653333333333333,3.4651105096965584e-06
PRODUCE,PROD SUPPLIES,23.69,14,5,14,0.0,1.6921428571428572,2.9401313744524165e-06
VIDEO RENTAL,UNKNOWN,21.46,4,3,11,0.0,4.292,2.663369324430091e-06
POSTAL CENTER,CANDY - PACKAGED,17.41,7,7,8,0.0,2.487142857142857,2.1607297268559128e-06
PHARMACY SUPPLY,COUPON/MISC ITEMS,16.92,6,4,8,0.0,2.8200000000000003,2.099916540976568e-06
SEAFOOD,SEAFOOD - MISC,16.43,4,3,4,0.0,4.1075,2.0391033550972225e-06
PORK,PORK,15.7,2,2,2,0.0,7.85,1.9485041189912593e-06
MEAT-PCKGD,FROZEN PACKAGE MEAT,12.99,1,1,1,0.0,12.99,1.6121699685156981e-06
RX,COUPON/MISC ITEMS,12.0,1,1,1,0.0,12.0,1.489302511330899e-06
NUTRITION,NDAIRY/TEAS/JUICE/SOD,11.780000000000001,2,2,4,0.0,5.890000000000001,1.4619986319564992e-06
TOYS,TOYS,9.84,5,4,6,0.0,1.968,1.221228059291337e-06
HBC,INFANT CARE PRODUCTS,9.42,4,4,4,0.0,2.355,1.1691024713947556e-06
GM MERCH EXP,UNKNOWN,9.04,2,2,3,0.0,4.52,1.1219412252026104e-06
CHARITABLE CONT,UNKNOWN,7.74,2,2,3,0.0,3.87,9.6060011980843e-07
PROD-WHS SALES,PROD SUPPLIES,7.52,4,2,4,0.0,1.88,9.3329624043403e-07
MEAT-WHSE,COUPON,7.0,6,5,7,0.0,1.1666666666666667,8.687597982763577e-07
POSTAL CENTER,CANDY - CHECKLANE,6.6000000000000005,13,5,20,0.0,0.5076923076923078,8.191163812319945e-07
FROZEN GROCERY,MISCELLANEOUS CROUTONS,6.39,1,1,1,0.0,6.39,7.930535872837037e-07
DAIRY DELI,MILK BY-PRODUCTS,5.78,1,1,2,0.0,5.78,7.173473762910496e-07
TRAVEL & LEISUR,TROPICAL FRUIT,5.720000000000001,5,4,6,0.0,0.9533333333333335,7.099008637343953e-07
TRAVEL & LEISUR,MELONS,4.4,2,2,2,0.0,2.2,5.460775874879963e-07
TRAVEL & LEISUR,BERRIES,3.0,1,1,2,0.0,3.0,3.723256278327247e-07
FLORAL,PROD SUPPLIES,2.99,1,1,1,0.0,2.99,3.710845424066157e-07
HOUSEWARES,UNKNOWN,2.99,1,1,1,0.0,2.99,3.710845424066157e-07
DELI,COFFEE SHOP,2.9699999999999998,3,2,3,0.0,0.9899999999999999,3.6860237155439744e-07
PRODUCE,MISCELLANEOUS(CORP USE ONLY),2.29,1,1,1,0.0,2.29,2.842085625789799e-07
MEAT,LUNCHMEAT,2.2,1,1,1,0.0,2.2,2.7303879374399814e-07
GRO BAKERY,SNACK NUTS,2.18,1,1,2,0.0,1.09,2.7055662289178e-07
AUTOMOTIVE,NEWSPAPER,1.0,2,2,2,0.0,0.5,1.2410854261090824e-07
ELECT &PLUMBING,COUPON,1.0,1,1,1,0.0,1.0,1.2410854261090824e-07
MEAT,MISCELLANEOUS,0.95,1,1,1,0.0,0.95,1.1790311548036283e-07
MEAT,BACON,0.3,1,1,1,0.0,0.3,3.7232562783272475e-08
 , ,0.0,7392,1423,0,0.6308202576859293,0.0,0.0
