feature,pass_count,fail_count,pass_mean,fail_mean,mean_difference_fail_minus_pass,pass_median,fail_median,overall_std,standardized_mean_difference,abs_standardized_mean_difference,missing_rate,missing_count
feature_059,1456,104,2.563464217032967,8.515123076923079,5.951658859890111,0.7222500000000001,5.5222999999999995,9.532219593731654,0.6243728232828266,0.6243728232828266,0.004467134652201659,7
feature_103,1461,104,-0.009912662559890486,-0.008052884615384615,0.001859777944505871,-0.0102,-0.008199999999999999,0.0030645488768766076,0.6068684231270474,0.6068684231270474,0.0012763241863433313,2
feature_510,1461,104,54.44059137577002,74.34794903846154,19.907357662691517,46.3768,58.2324,37.691735602274036,0.5281624033649025,0.5281624033649025,0.0012763241863433313,2
feature_348,1439,104,0.02429068797776233,0.03044807692307692,0.00615738894531459,0.0225,0.0246,0.011862481313499935,0.519064163945806,0.519064163945806,0.015315890236119975,24
feature_158,130,8,1027.4569415384615,1237.799925,210.34298346153855,995.7002,1324.34985,406.84881031719414,0.517005280899181,0.517005280899181,0.9119336311423102,1429
feature_111,519,30,231.8765227360308,230.82198333333335,-1.0545394026974577,231.219,230.49255,2.105317916257847,-0.5008931879380368,0.5008931879380368,0.6496490108487556,1018
feature_293,130,8,331.65455461538465,398.87093749999997,67.21638288461531,310.9951,407.8713,137.69248302875377,0.48816305295750084,0.48816305295750084,0.9119336311423102,1429
feature_431,1462,103,21.191220656634748,38.92410291262136,17.73288225598661,16.2048,18.381,36.39540753203448,0.48722856696627165,0.48722856696627165,0.0012763241863433313,2
feature_085,215,11,0.11285162790697675,0.11144545454545454,-0.0014061733615222116,0.1136,0.1121,0.0029283261097954446,-0.48019698243937675,0.48019698243937675,0.8557753669432036,1341
feature_434,1462,103,13.719237346101233,29.136890291262137,15.417652945160905,10.1496,11.3598,34.10885406654277,0.4520132196491472,0.4520132196491472,0.0012763241863433313,2
feature_430,1462,103,17.368449863201093,33.37019805825242,16.001748195051327,10.98515,13.4729,36.06008447354801,0.4437523768639383,0.4437523768639383,0.0012763241863433313,2
feature_435,1462,103,8.376003761969905,23.48906893203884,15.113065170068936,4.52685,4.7577,34.369788819490914,0.43971946552951763,0.43971946552951763,0.0012763241863433313,2
feature_021,1462,103,-5636.437585499316,-5362.27427184466,274.1633136546561,-5529.0,-5447.25,626.8221783421311,0.43738610905533837,0.43738610905533837,0.0012763241863433313,2
feature_028,1462,103,69.59803235294117,68.10140582524272,-1.496626527698453,69.2444,68.1556,3.4611809382184786,-0.43240343524738956,0.43240343524738956,0.0012763241863433313,2
feature_436,1462,103,6.5329430232558146,21.428146601941748,14.895203578685933,2.76215,2.8236,34.55780389217089,0.4310228631762234,0.4310228631762234,0.0012763241863433313,2
feature_129,1454,104,-0.5879594222833563,-0.08264134615384615,0.5053180761295102,-0.1419,0.0,1.2204787495960854,0.4140326706194139,0.4140326706194139,0.00574345883854499,9
feature_298,1462,103,0.06205738714090288,0.08860291262135923,0.026545525480456356,0.0522,0.0587,0.06422486764861535,0.41332160660402173,0.41332160660402173,0.0012763241863433313,2
feature_210,1439,104,0.08770653231410702,0.10490576923076923,0.01719923691666221,0.079,0.08555,0.04206453963808064,0.4088773362229287,0.4088773362229287,0.015315890236119975,24
feature_163,1462,103,0.13695690834473323,0.18630097087378644,0.04934406252905321,0.119,0.135,0.12198898992468676,0.4044960332856032,0.4044960332856032,0.0012763241863433313,2
feature_124,1454,104,15.791836313617605,15.834807692307692,0.04297137869008694,15.77,15.825,0.11414369186392438,0.3764673981398374,0.3764673981398374,0.00574345883854499,9
feature_295,1462,103,246.0590158002736,351.50814368932043,105.44912788904682,194.76595,225.9843,283.5307018043663,0.37191431904191385,0.37191431904191385,0.0012763241863433313,2
feature_160,1462,103,541.6046511627907,750.3980582524272,208.7934070896365,433.0,507.0,574.8085883403089,0.363239887720715,0.363239887720715,0.0012763241863433313,2
feature_316,1462,104,6.00126073871409,5.635603846153846,-0.3656568925602439,5.861750000000001,5.5312,1.0186291821386317,-0.3589695828196677,0.3589695828196677,0.0006381620931716656,1
feature_164,1462,103,0.12227633378932967,0.20836893203883494,0.08609259824950527,0.089,0.095,0.2425336331045254,0.35497179153046254,0.35497179153046254,0.0012763241863433313,2
feature_299,1462,103,0.0572109439124487,0.10364271844660194,0.046431774534153245,0.039650000000000005,0.0427,0.13082538246147596,0.35491411269388773,0.35491411269388773,0.0012763241863433313,2
feature_300,1462,103,0.11345389876880985,0.1883961165048544,0.07494221773604456,0.08285000000000001,0.0826,0.2191471659850006,0.3419721053621745,0.3419721053621745,0.0012763241863433313,2
feature_121,1454,104,15.794160935350757,15.828076923076923,0.03391598772616611,15.79,15.81,0.0996177237680075,0.34046138019726885,0.34046138019726885,0.00574345883854499,9
feature_165,1462,103,0.2429199726402189,0.3812718446601943,0.13835187201997542,0.1835,0.187,0.4073293242260462,0.339656056638823,0.339656056638823,0.0012763241863433313,2
feature_125,1454,104,1.191248280605227,1.0969807692307691,-0.09426751137445777,1.144,1.078,0.2805546877108019,-0.336004050203679,0.336004050203679,0.00574345883854499,9
feature_294,1462,103,391.4182911080711,549.3839077669903,157.9656166589192,275.1465,313.2161,477.0500761816525,0.33113005226471987,0.33113005226471987,0.0012763241863433313,2
feature_026,1462,103,1.9425754445964432,1.8803,-0.062275444596443075,1.9861499999999999,1.988,0.18949504806307088,-0.32863890235123994,0.32863890235123994,0.0012763241863433313,2
feature_033,1462,104,8.931261764705882,9.368187499999998,0.4369257352941158,8.7662,8.8941,1.3444563668120262,0.3249832021920903,0.3249832021920903,0.0006381620931716656,1
feature_180,1462,104,19.082701778385772,18.03701923076923,-1.0456825476165434,18.759999999999998,17.615000000000002,3.3116324160902977,-0.315760451714346,0.315760451714346,0.0006381620931716656,1
feature_159,1462,103,862.2756497948017,1172.3106796116506,310.0350298168489,615.0,686.0,983.0430214415103,0.31538297211267635,0.31538297211267635,0.0012763241863433313,2
feature_122,1454,104,3.917335625859698,3.6335096153846154,-0.2838260104750825,3.882,3.5255,0.9041204721731875,-0.3139249903200009,0.3139249903200009,0.00574345883854499,9
feature_452,1462,104,5.365711764705882,5.081178846153847,-0.2845329185520349,5.28895,4.9924,0.9191963782506015,-0.3095452998776529,0.3095452998776529,0.0006381620931716656,1
feature_079,1439,104,0.002979082696316886,0.010089423076923076,0.0071103403806061895,0.0,0.0076500000000000005,0.023079647668497637,0.3080783763571654,0.3080783763571654,0.015315890236119975,24
feature_130,1454,104,0.7432802613480054,0.7686903846153847,0.025410123267379348,0.7586,0.7709999999999999,0.08253126367202693,0.30788482008899415,0.30788482008899415,0.00574345883854499,9
feature_064,1456,104,20.440290521978024,21.967568269230767,1.527277747252743,20.011850000000003,20.85955,4.977467453454667,0.30683831919236737,0.30683831919236737,0.004467134652201659,7
feature_127,1454,104,0.6511958046767538,0.610475,-0.040720804676753763,0.655,0.606,0.1354088654417417,-0.30072480515888733,0.30072480515888733,0.00574345883854499,9
feature_022,1462,103,2705.15817373461,2617.339805825243,-87.81836790936723,2665.25,2635.75,295.49853453043056,-0.29718715204093055,0.29718715204093055,0.0012763241863433313,2
feature_247,781,71,0.05174135723431498,0.07132816901408451,0.01958681177976953,0.0262,0.0421,0.06688019872989498,0.29286413844064074,0.29286413844064074,0.4562858966177409,715
feature_123,1454,104,15.827565337001374,15.858942307692306,0.03137697069093193,15.83,15.844999999999999,0.10831493753624595,0.2896827658736552,0.2896827658736552,0.00574345883854499,9
feature_437,1462,103,3.9868538987688096,4.441639805825242,0.45478590705643285,3.7706,3.9314,1.6112736720855252,0.2822524285820349,0.2822524285820349,0.0012763241863433313,2
feature_014,1460,104,9.056840547945205,8.282810576923076,-0.774029971022129,8.982,8.527550000000002,2.7965955707527526,-0.27677579808716685,0.27677579808716685,0.0019144862795149968,3
feature_114,1463,104,9.200273410799727e-05,0.0005519230769230768,0.00045992034281507955,0.0,0.0,0.0016680941765185792,0.2757160532596326,0.2757160532596326,0.0,0
feature_133,1455,104,1003.9246225429551,1005.7005471153848,1.7759245724296306,1003.9712,1004.9164000000001,6.537701154618075,0.27164358394925414,0.27164358394925414,0.005105296745373325,8
feature_249,1463,104,0.0007857826384142174,0.004996153846153845,0.004210371207739627,0.0,0.0,0.015770787828204697,0.2669727887791211,0.2669727887791211,0.0,0
feature_387,1463,104,0.00025105946684894046,0.0015798076923076924,0.001328748225458752,0.0,0.0,0.0049893344938820305,0.2663177277627058,0.2663177277627058,0.0,0
feature_100,1457,104,-2.7453671928620443e-05,6.538461538461539e-05,9.283828731323583e-05,0.0,0.0,0.0003555366912193449,0.2611215371185422,0.2611215371185422,0.0038289725590299937,6
feature_557,1221,86,1.5912058149058148,2.075467441860465,0.48426162695465,1.5209,1.653,1.8704334384919217,0.25890342686831813,0.25890342686831813,0.16592214422463306,260
feature_554,1221,86,0.4934769041769042,0.6481976744186047,0.15472077024170044,0.4767,0.49805,0.5988519979364184,0.25836228446235815,0.25836228446235815,0.16592214422463306,260
feature_551,1221,86,1.2075757575757575,1.5591860465116278,0.3516102889358703,1.15,1.255,1.3611173002144201,0.25832475193760324,0.25832475193760324,0.16592214422463306,260
feature_056,1460,103,0.928733698630137,0.9304883495145633,0.0017546508844262787,0.9308,0.9318,0.006807361515537244,0.2577578523516684,0.2577578523516684,0.0025526483726866626,4
feature_220,215,11,0.009237674418604649,0.008727272727272717,-0.0005104016913319315,0.009,0.0085,0.0019890062148504913,-0.2566114110258309,0.2566114110258309,0.8557753669432036,1341
feature_519,781,71,11.393324455825866,15.41470985915493,4.021385403329065,5.6326,9.0516,15.814419874330685,0.2542859893239848,0.2542859893239848,0.4562858966177409,715
feature_460,1462,104,28.98199001367989,32.225772115384615,3.243782101704724,26.0801,27.76375,13.335188892539882,0.24324980529667609,0.24324980529667609,0.0006381620931716656,1
feature_200,1456,104,17.459471153846152,19.570288461538464,2.1108173076923116,17.145,17.83,8.690718499196093,0.24288179485822328,0.24288179485822328,0.004467134652201659,7
feature_095,1457,104,5.8339052848318466e-05,8.365384615384616e-05,2.5314793305527696e-05,0.0,0.0001,0.00010440797375672332,0.24246034469084368,0.24246034469084368,0.0038289725590299937,6
feature_063,1456,104,13.875941071428569,15.585729807692307,1.7097887362637376,13.2255,13.4103,7.119863108210895,0.24014348454142956,0.24014348454142956,0.004467134652201659,7
feature_471,1457,104,9.476705078929307,11.909639423076923,2.4329343441476166,7.3755,7.5924499999999995,10.174117047695473,0.23912977733027924,0.23912977733027924,0.0038289725590299937,6
feature_110,519,30,101.2937310211946,101.74248000000001,0.448748978805412,101.4768,101.595,1.8800873187169334,0.23868517932010785,0.23868517932010785,0.6496490108487556,1018
feature_455,1462,104,3.6225541039671683,3.834556730769231,0.21200262680206272,3.6936,4.12,0.9383721211041947,0.2259259648001866,0.2259259648001866,0.0006381620931716656,1
feature_477,1457,104,6.105093548387096,8.398981730769231,2.293888182382135,5.1912,6.1204,10.185026114844831,0.22522162992186717,0.22522162992186717,0.0038289725590299937,6
feature_058,1460,103,4.592049383561644,4.611205825242719,0.019156441681074554,4.5698,4.6082,0.08509477590107162,0.22511889217905928,0.22511889217905928,0.0025526483726866626,4
feature_197,1457,104,19.93495538778312,22.302788461538462,2.3678330737553424,19.35,20.035,10.552161573356331,0.22439317833551753,0.22439317833551753,0.0038289725590299937,6
feature_183,1462,104,26.559824076607388,28.08586538461539,1.5260413080080006,26.8705,29.823999999999998,6.836100919669127,0.2232327061786359,0.2232327061786359,0.0006381620931716656,1
feature_468,1456,104,227.59087953296702,176.3233951923077,-51.26748434065934,157.16645,82.80505,230.76691495133312,-0.2221613282453043,0.2221613282453043,0.004467134652201659,7
feature_076,1439,104,-0.02889339819318971,-0.03626826923076923,-0.0073748710375795175,-0.0283,-0.0353,0.03320327939551294,-0.22211273018339722,0.22211273018339722,0.015315890236119975,24
feature_365,1461,104,0.005159479808350445,0.005747115384615384,0.000587635576264939,0.0046,0.005050000000000001,0.002656010245061626,0.22124748101312552,0.22124748101312552,0.0012763241863433313,2
feature_126,1454,104,2.746995873452545,2.802913461538462,0.05591758808591685,2.735,2.7645,0.25347081523856796,0.22060759947170622,0.22060759947170622,0.00574345883854499,9
feature_511,1461,104,271.14984818617387,343.82616923076927,72.6763210445954,0.0,278.71979999999996,329.66468041158004,0.22045528490907915,0.22045528490907915,0.0012763241863433313,2
feature_065,1456,104,27.027495535714284,28.592296153846153,1.5648006181318692,26.21745,27.97485,7.121703093956383,0.21972281032886498,0.21972281032886498,0.004467134652201659,7
feature_550,1221,86,16.94230139230139,18.021511627906975,1.0792102356055864,16.34,16.36,4.966953947064532,0.2172780837324653,0.2172780837324653,0.16592214422463306,260
feature_569,1214,80,20.981064250411865,23.1907275,2.209663249588136,16.822400000000002,19.21335,10.213294338381658,0.21635166640446268,0.21635166640446268,0.1742182514358647,273
feature_205,1457,104,8.88474262182567,11.367019230769232,2.482276608943563,7.66,9.16,11.541082734748231,0.21508177923981528,0.21508177923981528,0.0038289725590299937,6
feature_553,1221,86,7.672856592956593,8.144241860465119,0.47138526750852616,7.3994,7.5207,2.192647285688347,0.21498453973209017,0.21498453973209017,0.16592214422463306,260
feature_337,1456,104,2.3031941620879124,2.6675057692307695,0.36431160714285715,2.0549,2.03715,1.6994348058989959,0.21437221709139787,0.21437221709139787,0.004467134652201659,7
feature_196,1456,104,8.464258241758241,11.827692307692306,3.363434065934065,6.77,7.085,15.720926221143502,0.2139463043475448,0.2139463043475448,0.004467134652201659,7
feature_090,1413,103,8833.289516985138,8748.61942038835,-84.67009659678843,8835.5701,8745.81,396.3136618600386,-0.21364415296561326,0.21364415296561326,0.03254626675175495,51
feature_319,1462,104,7.885228522571818,8.349119230769231,0.46389070819741285,8.35595,9.01315,2.17905879570771,0.21288581524793207,0.21288581524793207,0.0006381620931716656,1
feature_575,1463,104,0.10568195488721806,0.09132596153846155,-0.014355993348756507,0.0898,0.0888,0.0677911184842199,-0.21176805560596007,0.21176805560596007,0.0,0
feature_038,1462,104,86.83031080711355,86.92465865384614,0.09434784673258889,86.8196,86.8438,0.4467555823322132,0.21118448311280558,0.21118448311280558,0.0006381620931716656,1
feature_469,1457,104,5.617964035689774,6.283320192307693,0.6653561566179187,5.4545,5.6459,3.151684683718798,0.2111112701264387,0.2111112701264387,0.0038289725590299937,6
feature_166,1462,103,2.7733242134062928,3.009708737864077,0.23638452445778446,2.6,2.7,1.119755905743267,0.21110361932038937,0.21110361932038937,0.0012763241863433313,2
feature_157,130,8,0.04758692307692307,0.039262500000000006,-0.008324423076923063,0.035,0.038400000000000004,0.03953765066837538,-0.2105442011905235,0.2105442011905235,0.9119336311423102,1429
feature_032,1462,104,85.30929938440491,85.73346442307692,0.42416503867201527,85.1237,85.23855,2.026549205778641,0.20930409064952485,0.20930409064952485,0.0006381620931716656,1
feature_492,215,11,8.188857674418605,7.820790909090909,-0.3680667653276961,8.0207,7.9352,1.7592622036065415,-0.20921654803539116,0.20921654803539116,0.8557753669432036,1341
feature_068,1457,104,147.49656225120108,146.61122596153845,-0.8853362896626322,147.6355,147.06545,4.240095182952078,-0.2088010413592261,0.2088010413592261,0.0038289725590299937,6
feature_070,1457,104,619.2342210706933,617.2449288461539,-1.9892922245393265,619.0991,617.3468,9.539190367164208,-0.20853889564746148,0.20853889564746148,0.0038289725590299937,6
feature_199,1457,104,11.303706245710364,14.731153846153846,3.4274476004434824,8.56,8.605,16.44555600285298,0.20841178004859717,0.20841178004859717,0.0038289725590299937,6
feature_573,1463,104,0.3490719070403281,0.29730865384615385,-0.05176325319417424,0.2936,0.2824,0.24847812360739024,-0.20832116905375206,0.20832116905375206,0.0,0
feature_040,1439,104,68.23984155663655,63.27060576923077,-4.969235787405779,78.33,77.10499999999999,24.06294300863671,-0.20650989305930753,0.20650989305930753,0.015315890236119975,24
feature_543,1461,104,0.00849185489390828,0.008175961538461536,-0.00031589335544674434,0.0078,0.0078,0.0015335446409861135,-0.20598901851570214,0.20598901851570214,0.0012763241863433313,2
feature_542,1461,104,0.11124565366187543,0.11068557692307694,-0.0005600767387984873,0.1096,0.1096,0.002736759413485171,-0.20464960713709518,0.20464960713709518,0.0012763241863433313,2
feature_556,1221,86,4.199779524979525,4.46003953488372,0.2602600099041945,4.0671,4.076499999999999,1.2800084208134206,0.20332679509936685,0.20332679509936685,0.16592214422463306,260
feature_562,1214,80,262.8255634266886,261.2747,-1.5508634266885792,264.272,264.272,7.630585273216422,-0.2032430503243513,0.2032430503243513,0.1742182514358647,273
feature_280,1461,104,0.018120807665982203,0.016807692307692305,-0.0013131153582898979,0.017,0.0162,0.006483010889275725,-0.20254714679903887,0.20254714679903887,0.0012763241863433313,2
feature_341,1457,104,2.683375909402883,3.414610576923077,0.731234667520194,2.36,2.721,3.667901967754305,0.19936047199426563,0.19936047199426563,0.0038289725590299937,6
feature_577,1463,104,16.80752918660287,14.318917307692308,-2.4886118789105627,13.8979,13.5037,12.485266987951567,-0.1993238816047829,0.1993238816047829,0.0,0
feature_031,1462,103,3.6801824213406293,3.5739291262135926,-0.10625329512703674,3.4312,3.4266,0.5353218337891784,-0.19848488968765216,0.19848488968765216,0.0012763241863433313,2
feature_333,1457,104,6.171586479066574,6.836201923076923,0.6646154440103489,5.9693,6.13485,3.4034468352849374,0.19527716346851856,0.19527716346851856,0.0038289725590299937,6
feature_547,1221,86,403.4817182637183,404.4659069767442,0.984188713025901,402.966,404.54600000000005,5.06388723553502,0.19435438967114313,0.19435438967114313,0.16592214422463306,260
feature_301,1462,103,0.9059264021887824,0.9700388349514564,0.06411243276267398,0.8588,0.8846,0.33198168690319163,0.1931203897441778,0.1931203897441778,0.0012763241863433313,2
feature_433,1462,103,202.657510875513,246.1401019417476,43.48259106623459,150.0739,168.9677,225.77887027188953,0.19258928443512707,0.19258928443512707,0.0012763241863433313,2
feature_423,1460,104,77.24380842465753,83.5093951923077,6.265586767650163,69.55485,72.06165,32.59693287559445,0.19221399729731173,0.19221399729731173,0.0019144862795149968,3
feature_281,1461,104,0.015164613278576315,0.014102884615384614,-0.0010617286631917008,0.0139999999999999,0.01335,0.005545481256159795,-0.191458344938477,0.191458344938477,0.0012763241863433313,2
feature_567,1214,80,0.0597004942339374,0.0659425,0.006242005766062604,0.0485,0.05445,0.032760950249756275,0.19053188990172962,0.19053188990172962,0.1742182514358647,273
feature_565,1214,80,0.14465510708401977,0.16009250000000003,0.015437392915980258,0.1189,0.1335,0.08112235463523564,0.19029764342263064,0.19029764342263064,0.1742182514358647,273
feature_138,1449,104,57.44575458937197,59.79421923076923,2.348464641397257,55.8999,56.75,12.345358058102567,0.19023058143347255,0.19023058143347255,0.008934269304403318,14
feature_188,1462,104,42.93837346101231,47.049798076923075,4.111424615910764,39.8865,46.6845,21.71187601683998,0.18936293725709816,0.18936293725709816,0.0006381620931716656,1
feature_411,1449,104,2.6091006211180123,2.713416346153846,0.10431572503583375,2.5459,2.59155,0.5514741690393612,0.1891579531595219,0.1891579531595219,0.008934269304403318,14
feature_582,1462,104,0.5000534883720931,0.5006961538461538,0.0006426654740607773,0.5001,0.501,0.0034043251020306237,0.1887791132748861,0.1887791132748861,0.0006381620931716656,1
feature_099,1457,104,0.0007617707618393958,0.01244423076923077,0.011682460007391374,0.0,-0.0014,0.062740393429447,0.18620316782884963,0.18620316782884963,0.0038289725590299937,6
feature_292,130,8,0.01461076923076923,0.012475,-0.0021357692307692293,0.01095,0.01155,0.011493653126942513,-0.1858216188691764,0.1858216188691764,0.9119336311423102,1429
feature_488,1439,104,355.759291104934,309.1308076923077,-46.62848341262628,351.2931,312.61345,252.04375135066138,-0.18500154502046506,0.18500154502046506,0.015315890236119975,24
feature_545,1461,104,7.627522861054072,7.384951923076924,-0.24257093797714813,7.1160000000000005,7.1160000000000005,1.3155442597144669,-0.18438827594428261,0.18438827594428261,0.0012763241863433313,2
feature_203,1457,104,29.861011393273852,33.04502115384616,3.1840097605723052,30.085,30.72955,17.461797918207267,0.18234146194375353,0.18234146194375353,0.0038289725590299937,6
feature_349,1439,104,0.02512369701181376,0.027030769230769226,0.0019070722189554676,0.024,0.02445,0.010603207483607125,0.17985804973672903,0.17985804973672903,0.015315890236119975,24
feature_475,1457,104,4.2315596431022655,4.697063461538462,0.46550381843619615,4.2753,4.3687000000000005,2.6111739765726782,0.17827376598138348,0.17827376598138348,0.0038289725590299937,6
feature_145,1461,104,0.06393230663928816,0.05925384615384615,-0.004678460485442008,0.0587,0.0571,0.026540583373346135,-0.17627572158569949,0.17627572158569949,0.0012763241863433313,2
feature_211,1439,104,0.0564589298123697,0.06085096153846154,0.004392031726091844,0.0532,0.054,0.02500514369357546,0.17564513045451055,0.17564513045451055,0.015315890236119975,24
feature_213,1439,104,0.059718902015288386,0.06902499999999999,0.009306097984711603,0.0558,0.0574,0.05302956395031068,0.17548886491753027,0.17548886491753027,0.015315890236119975,24
feature_143,1454,104,0.004184456671251719,0.003959615384615384,-0.0002248412866363344,0.0039,0.0038,0.001281809325877089,-0.17540930784107442,0.17540930784107442,0.00574345883854499,9
feature_115,1463,104,747.9533277511962,739.3719509615386,-8.581376789657611,751.3749,745.58995,48.94924986407113,-0.17531171189522893,0.17531171189522893,0.0,0
feature_146,1461,104,0.05526351813826146,0.05144903846153846,-0.0038144796767229996,0.0501,0.04915,0.021844487744507778,-0.1746197814907356,0.1746197814907356,0.0012763241863433313,2
feature_484,1439,104,217.79632022237666,180.59559615384615,-37.20072406853052,139.6564,132.15730000000002,213.12663798938698,-0.17454751043547637,0.17454751043547637,0.015315890236119975,24
feature_181,1462,104,0.5493632010943912,0.5103173076923077,-0.03904589340208353,0.527,0.4755,0.22440175239982996,-0.1739999486836143,0.1739999486836143,0.0006381620931716656,1
feature_078,1439,104,-0.013082835302293254,-0.021387500000000004,-0.00830466469770675,-0.0118,-0.0243,0.04787230157881146,-0.17347535889902646,0.17347535889902646,0.015315890236119975,24
feature_102,1457,104,0.0018416609471516828,-0.009071153846153847,-0.010912814793305529,0.0,-0.015349999999999999,0.06296766399989996,-0.1733082363246454,0.1733082363246454,0.0038289725590299937,6
feature_175,1462,104,0.776713269493844,0.7967451923076924,0.020031922813848357,0.7661,0.799,0.11632213822392524,0.1722107512783682,0.1722107512783682,0.0006381620931716656,1
feature_351,1439,104,0.027299861014593467,0.031519230769230765,0.004219369754637298,0.0251,0.02615,0.024562918063232752,0.17177803320335555,0.17177803320335555,0.015315890236119975,24
feature_417,1461,104,8.237010814510608,7.543214423076924,-0.6937963914336844,7.4552,6.73745,4.0545151785465565,-0.1711169796834731,0.1711169796834731,0.0012763241863433313,2
feature_416,1454,104,3.4160290921595595,3.2410451923076926,-0.1749838998518669,3.2383,3.0709,1.0354331579490537,-0.16899584343857435,0.16899584343857435,0.00574345883854499,9
feature_227,1461,104,0.019005407255304585,0.02080576923076923,0.0018003619754646434,0.0164,0.01745,0.010755712754397951,0.16738658019000047,0.16738658019000047,0.0012763241863433313,2
feature_453,1462,104,5.485977154582763,5.109446153846154,-0.37653100073660895,5.2529,4.696400000000001,2.2508044285391753,-0.16728730224730648,0.16728730224730648,0.0006381620931716656,1
feature_446,1462,104,1.1730511627906979,1.202444230769231,0.029393067978533027,1.1566,1.2026,0.17615820845233035,0.16685607918456435,0.16685607918456435,0.0006381620931716656,1
feature_037,1462,104,66.2179221614227,66.26838653846153,0.05046437703882134,66.229,66.27945,0.3041407986805711,0.16592439178744442,0.16592439178744442,0.0006381620931716656,1
feature_334,1457,104,0.16648064516129032,0.1947471153846154,0.02826647022332507,0.1291,0.1351,0.17288255254879842,0.1635009999944701,0.1635009999944701,0.0038289725590299937,6
feature_479,1457,104,3.2553563486616333,3.676194230769231,0.42083788210759776,3.1776,3.2996499999999997,2.638608319672745,0.1594923653389346,0.1594923653389346,0.0038289725590299937,6
feature_317,1462,104,0.17339555403556772,0.16185480769230767,-0.01154074634326005,0.1642,0.15689999999999998,0.07239235980809001,-0.1594193969343481,0.1594193969343481,0.0006381620931716656,1
feature_324,1462,104,13.262205471956225,14.315735576923077,1.0535301049668515,12.312100000000001,14.5897,6.615849551191287,0.15924335896924183,0.15924335896924183,0.0006381620931716656,1
feature_198,1457,104,0.5516643788606727,0.6371346153846154,0.0854702365239427,0.421,0.474,0.5377051946449523,0.1589537117646387,0.1589537117646387,0.0038289725590299937,6
feature_336,1456,104,9.656458310439561,10.855379807692307,1.198921497252746,9.06,9.49495,7.556130948920659,0.1586687029853557,0.1586687029853557,0.004467134652201659,7
feature_310,1462,104,0.3042941176470588,0.31118557692307697,0.0068914592760181415,0.3011,0.3094,0.04345984588638992,0.15857072512482845,0.15857072512482845,0.0006381620931716656,1
feature_067,1457,104,13.468253328757722,62.207329807692304,48.73907647893458,0.9762,1.0128,307.5022930665586,0.15849987976637642,0.15849987976637642,0.0038289725590299937,6
feature_066,1457,104,706.7896903912148,704.9710125,-1.8186778912147474,706.7519,704.8969999999999,11.623078342670448,-0.15647127530217603,0.15647127530217603,0.0038289725590299937,6
feature_104,1461,104,-5.817932922655711e-06,-0.00013846153846153847,-0.00013264360553888276,0.0,0.0001,0.000850708638613734,-0.1559213102091348,0.1559213102091348,0.0012763241863433313,2
feature_360,1463,104,0.0027390293916609706,0.005840384615384616,0.0031013552237236456,0.0007,0.0008,0.020002568739022588,0.15504784731339416,0.15504784731339416,0.0,0
feature_579,573,45,0.016720942408376963,0.018211111111111112,0.0014901687027341487,0.0145,0.0167,0.00964013288785662,0.1545796847480462,0.1545796847480462,0.6056158264199106,949
feature_279,1461,104,0.04126440793976728,0.03814134615384615,-0.00312306178592113,0.0373,0.03385,0.020289164688217655,-0.15392756842940694,0.15392756842940694,0.0012763241863433313,2
feature_144,1461,104,0.12063559206023272,0.11119326923076923,-0.009442322829463487,0.1077,0.09975,0.061342785491063416,-0.15392719378286254,0.15392719378286254,0.0012763241863433313,2
feature_470,1457,104,5.316851750171586,6.080841346153846,0.7639895959822605,4.0185,4.5051000000000005,4.9833666916925035,0.153307922785587,0.153307922785587,0.0038289725590299937,6
feature_385,781,71,0.011244942381562099,0.013429577464788732,0.002184635083226633,0.0066,0.0089,0.01436562841639247,0.1520737568802607,0.1520737568802607,0.4562858966177409,715
feature_445,1462,104,0.6456683310533516,0.6670740384615385,0.021405707408186814,0.6505,0.6609999999999999,0.14125217772776266,0.15154249479567203,0.15154249479567203,0.0006381620931716656,1
feature_030,1462,103,0.18383214774281806,0.18879708737864076,0.004964939635822702,0.1866,0.1878,0.032943943011913765,0.15070872463648913,0.15070872463648913,0.0012763241863433313,2
feature_112,781,71,0.4569235595390525,0.46429295774647894,0.007369398207426436,0.4627,0.4647,0.04893948036768213,0.1505818646225946,0.1505818646225946,0.4562858966177409,715
feature_195,1460,103,0.28318698630136985,0.3423300970873786,0.05914311078600876,0.258,0.272,0.39518696433610084,0.14965855689437263,0.14965855689437263,0.0025526483726866626,4
feature_174,1462,104,0.319406292749658,0.3300442307692308,0.010637938019572801,0.3236,0.3265,0.07124688599023044,0.14931091895064022,0.14931091895064022,0.0006381620931716656,1
feature_172,1462,104,0.31940642954856363,0.3300384615384615,0.010632031989897872,0.3236,0.3265,0.07124300579846014,0.14923615126479792,0.14923615126479792,0.0006381620931716656,1
feature_443,1462,104,0.6325339945280438,0.6537211538461538,0.021187159318109994,0.6417999999999999,0.6452,0.14355204755671536,0.14759217774124225,0.14759217774124225,0.0006381620931716656,1
feature_521,1463,104,10.600730006835269,25.8089125,15.208182493164733,0.0,0.0,103.12299573442073,0.147476151025823,0.147476151025823,0.0,0
feature_025,1462,103,1.2055668946648426,1.1794000000000002,-0.026166894664842344,1.2833,1.2813,0.17760047570306497,-0.14733572396839456,0.14733572396839456,0.0012763241863433313,2
feature_467,1460,103,6.167931506849316,7.445026213592232,1.2770947067429166,5.6328,5.9115,8.673723727949763,0.14723718979285355,0.14723718979285355,0.0025526483726866626,4
feature_170,1462,104,0.6827922024623804,0.7059528846153846,0.023160682153004264,0.68565,0.6969,0.15746797134498902,0.14708186023596276,0.14708186023596276,0.0006381620931716656,1
feature_318,1462,104,3.2003329685362525,3.0262288461538462,-0.17410412238240625,2.90395,2.8289999999999997,1.2159299661071454,-0.14318597882722509,0.14318597882722509,0.0006381620931716656,1
feature_278,1454,104,0.0011207015130674002,0.0010721153846153845,-4.858612845201572e-05,0.0011,0.001,0.0003400339387536143,-0.1428861149275479,0.1428861149275479,0.00574345883854499,9
feature_587,1462,104,0.016391792065663473,0.01764326923076923,0.0012514771651057563,0.0148,0.0168,0.008807535393245906,0.14209164189853346,0.14209164189853346,0.0006381620931716656,1
feature_207,1457,104,20.210871654083732,22.692019230769233,2.481147576685501,19.66,20.299999999999997,17.497556438702528,0.14179966130570643,0.14179966130570643,0.0038289725590299937,6
feature_494,1463,104,0.8944098427887902,1.8290673076923079,0.9346574649035176,0.2308,0.23785,6.615200266560572,0.14128936800721717,0.14128936800721717,0.0,0
feature_331,1460,103,0.08264486301369862,0.09155242718446603,0.008907564170767407,0.0845,0.0867,0.063424505382566,0.1404435733008633,0.1404435733008633,0.0025526483726866626,4
feature_377,1461,104,0.0015750855578370976,0.0015096153846153846,-6.5470173221713e-05,0.0015,0.0015,0.0004665400582248408,-0.14033130074794306,0.14033130074794306,0.0012763241863433313,2
feature_574,1463,104,9.41139090909091,5.658487500000001,-3.7529034090909095,2.9696,3.097,26.920150379391046,-0.13940870894851973,0.13940870894851973,0.0,0
feature_332,1456,104,2.5411085164835168,3.3267490384615384,0.7856405219780216,2.0655,2.03715,5.645225833657501,0.13916901557665598,0.13916901557665598,0.004467134652201659,7
feature_340,1457,104,12.254869938229238,48.55767596153846,36.302806023309216,0.0462,0.05275,261.73845149875376,0.13869878810481948,0.13869878810481948,0.0038289725590299937,6
feature_335,1457,104,3.3736224433768016,4.173675,0.8000525566231986,2.5089,2.57665,5.781558467381748,0.13838008577391636,0.13838008577391636,0.0038289725590299937,6
feature_010,1461,104,6.228610540725506e-05,0.0013182692307692307,0.0012559831253619756,0.0003,0.00205,0.009302105069446658,0.13502138666303934,0.13502138666303934,0.0012763241863433313,2
feature_454,1462,104,7.910945485636114,7.501317307692309,-0.4096281779438051,7.4352,7.196200000000001,3.0596604010061013,-0.13388027567017177,0.13388027567017177,0.0006381620931716656,1
feature_441,1462,104,0.8004476744186046,0.8250413461538462,0.024593671735241518,0.8061499999999999,0.8089,0.18421271107607257,0.1335069202965332,0.1335069202965332,0.0006381620931716656,1
feature_359,1463,104,0.019777033492822966,0.020724999999999997,0.000947966507177031,0.0196,0.01935,0.007136357506797489,0.13283618516506193,0.13283618516506193,0.0,0
feature_011,1461,104,0.9644611225188228,0.9628307692307693,-0.0016303532880534988,0.9659,0.963,0.012452051783214598,-0.1309304937400935,0.1309304937400935,0.0012763241863433313,2
feature_214,1439,104,0.08376601806810284,0.07638365384615384,-0.007382364221949003,0.0756,0.0738,0.05645567199791888,-0.13076390663140347,0.13076390663140347,0.015315890236119975,24
feature_572,1463,104,29.191639644565964,18.01961346153846,-11.172026183027505,8.65,8.7,86.30468130478187,-0.12944866969120594,0.12944866969120594,0.0,0
feature_128,1454,104,3.189916781292985,3.2238557692307697,0.03393898793778449,3.195,3.2375,0.26417454262867024,0.12847183381136731,0.12847183381136731,0.00574345883854499,9
feature_222,1463,104,0.008354613807245385,0.015384615384615382,0.0070300015773699966,0.0023,0.0023499999999999997,0.055936767099401666,0.12567765249781826,0.12567765249781826,0.0,0
feature_182,1462,104,10.815259917920656,10.2925,-0.5227599179206557,10.23,9.985,4.164050577644839,-0.12554120277192343,0.12554120277192343,0.0006381620931716656,1
feature_009,1461,104,-0.0007152635181382613,-0.00260769230769231,-0.0018924287895540487,-0.0013,-0.0018,0.015116189521664191,-0.125192184633691,0.125192184633691,0.0012763241863433313,2
feature_272,1457,103,41.15156609471517,43.371633009708745,2.2200669149935734,39.5847,45.3547,17.737513289361313,0.12516224110879937,0.12516224110879937,0.004467134652201659,7
feature_588,1462,104,0.005259507523939808,0.005618269230769231,0.0003587617068294231,0.0046,0.0053,0.0028670715096651396,0.12513176096934003,0.12513176096934003,0.0006381620931716656,1
feature_093,1461,104,-0.0005655030800821353,-0.00018942307692307694,0.0003760800031590584,-0.0002,0.0,0.003009833796536164,0.1249504220438571,0.1249504220438571,0.0012763241863433313,2
feature_343,1457,104,6.154236238846946,6.818742307692308,0.6645060688453626,5.9979,6.20955,5.371825069596769,0.12370210500827852,0.12370210500827852,0.0038289725590299937,6
feature_080,1439,104,-0.018120708825573314,-0.024204807692307692,-0.006084098866734378,-0.0087,-0.00935,0.04922601878995139,-0.12359518434134141,0.12359518434134141,0.015315890236119975,24
feature_019,1454,103,12.479256052269603,12.506132038834949,0.0268759865653454,12.4998,12.4896,0.217965260098252,0.12330399143987686,0.12330399143987686,0.006381620931716656,10
feature_485,1439,104,202.92620903405142,176.0055971153846,-26.920611918666822,113.5201,99.4493,218.69001540828836,-0.12309941022413284,0.12309941022413284,0.015315890236119975,24
feature_134,1455,104,39.41640233676976,39.050279807692306,-0.366122529077451,38.992,38.698350000000005,2.9904760832493906,-0.12242951252083906,0.12242951252083906,0.005105296745373325,8
feature_087,1463,104,0.9825244702665756,0.9809548076923077,-0.0015696625742679382,0.9875,0.98715,0.012847842091247771,-0.12217324614669933,0.12217324614669933,0.0,0
feature_089,1413,103,0.18826999292285915,0.19464660194174757,0.006376609018888424,0.1903,0.1855,0.05237286447618119,0.1217540625792668,0.1217540625792668,0.03254626675175495,51
feature_204,1457,104,27.641543033630747,96.33493653846152,68.69339350483077,0.1575,0.1718,565.1012386167343,0.12155944600825823,0.12155944600825823,0.0038289725590299937,6
feature_418,1461,104,322.5749663928816,287.7276673076923,-34.84729908518932,306.5342,258.74265,287.70448241162677,-0.12112184972958581,0.12112184972958581,0.0012763241863433313,2
feature_499,1461,104,265.7990736481862,226.6257798076923,-39.1732938404939,0.0,0.0,324.77134168195846,-0.12061807435846804,0.12061807435846804,0.0012763241863433313,2
feature_137,1457,103,122.27824296499658,128.55922330097087,6.2809803359742915,116.6,136.5,52.2530147577518,0.12020321440003613,0.12020321440003613,0.004467134652201659,7
feature_339,1457,104,9.280361839396019,10.009767307692307,0.7294054682962887,9.4583,9.7945,6.074701971319436,0.12007263430206776,0.12007263430206776,0.0038289725590299937,6
feature_410,1457,103,4.9126717227179135,5.165185436893204,0.2525137141752909,4.6972,5.3351,2.122977939052172,0.11894316447208515,0.11894316447208515,0.004467134652201659,7
feature_027,1462,103,6.648314158686731,6.50114077669903,-0.14717338198770147,7.26475,7.257999999999999,1.244249271997308,-0.11828287570661314,0.11828287570661314,0.0012763241863433313,2
feature_363,1413,103,332.2118511677283,348.5162077669903,16.304356599262007,308.4376,332.3357,138.80192793728307,0.11746491451205957,0.11746491451205957,0.03254626675175495,51
feature_106,1457,104,0.000562525737817433,0.0002173076923076923,-0.0003452180455097407,0.0002,0.0,0.0029879127490006346,-0.11553819489046513,0.11553819489046513,0.0038289725590299937,6
feature_201,1456,104,7.800068681318682,8.389423076923077,0.5893543956043947,6.755,7.085,5.1044949288971635,0.11545792557614039,0.11545792557614039,0.004467134652201659,7
feature_476,1457,104,20.018234660260813,21.72812980769231,1.7098951474314958,15.928,17.5834,14.93958973418616,0.11445395608948715,0.11445395608948715,0.0038289725590299937,6
feature_576,1463,104,5.69223014354067,3.7563278846153847,-1.9359022589252857,1.6245,1.63325,16.921368702380114,-0.1144057725456326,0.1144057725456326,0.0,0
feature_270,1458,104,29.323677023319622,28.371660576923077,-0.952016446396545,28.85895,27.61625,8.402012633351179,-0.11330814269638026,0.11330814269638026,0.003190810465858328,5
feature_047,1462,104,1.1765340629274965,1.197976923076923,0.021442860149426535,1.2500499999999999,1.2717,0.18963690625019128,0.11307324388184542,0.11307324388184542,0.0006381620931716656,1
feature_008,1461,104,1.4623094455852155,1.4706192307692305,0.00830978518401504,1.4611,1.4685000000000001,0.07389656150907685,0.11245158116043509,0.11245158116043509,0.0012763241863433313,2
feature_075,1439,104,-0.0070705350938151485,-0.004585576923076921,0.002484958170738227,-0.0063,-0.005549999999999999,0.022292167022524706,0.1114722569693358,0.1114722569693358,0.015315890236119975,24
feature_135,1458,104,118.38203017832647,112.0576923076923,-6.324337870634167,109.0,103.0,57.54462723964513,-0.10990318599678131,0.10990318599678131,0.003190810465858328,5
feature_408,1458,104,5.359734293552813,5.077336538461538,-0.2823977550912744,4.94955,4.7464,2.5781176672891375,-0.10953641048828176,0.10953641048828176,0.003190810465858328,5
feature_088,1463,104,1807.4316734791526,1813.2076903846157,5.776016905463166,1809.2492,1809.81725,53.53726220241346,0.10788779007087111,0.10788779007087111,0.0,0
feature_271,1457,104,45.92827062457104,47.8544173076923,1.9261466831212601,45.5121,47.2662,17.86643760258941,0.10780809951963231,0.10780809951963231,0.0038289725590299937,6
feature_383,519,30,0.548846050096339,0.4059933333333333,-0.1428527167630057,0.38,0.3113,1.3410197897865856,-0.10652543523294296,0.10652543523294296,0.6496490108487556,1018
feature_155,1454,103,0.5150729023383769,0.395631067961165,-0.1194418343772119,0.31,0.38,1.1224267752591635,-0.10641392116615651,0.10641392116615651,0.006381620931716656,10
feature_428,1454,103,4.295597386519945,3.1641281553398057,-1.131469231180139,2.4927,3.0225,10.632730122912243,-0.10641380135680865,0.10641380135680865,0.006381620931716656,10
feature_580,573,45,0.005372076788830715,0.0056999999999999985,0.0003279232111692834,0.0046,0.0054,0.003115985835278885,0.10523899289161365,0.10523899289161365,0.6056158264199106,949
feature_561,1462,104,32.15216190150479,34.15173365384616,1.9995717523413674,29.50875,30.957500000000003,19.026081423650705,0.10509635209779795,0.10509635209779795,0.0006381620931716656,1
feature_239,1461,104,0.004584804928131417,0.004435576923076923,-0.00014922800505449366,0.0044,0.0042,0.0014414052325399055,-0.10352952916060838,0.10352952916060838,0.0012763241863433313,2
feature_486,1439,104,300.5426724113968,329.67441057692304,29.131738165526258,248.9805,267.75260000000003,287.3640702281875,0.10137571528129313,0.10137571528129313,0.015315890236119975,24
feature_288,1460,104,0.0039039041095890407,0.004200961538461537,0.0002970574288724964,0.0036,0.00415,0.002936095295730202,0.10117431450692023,0.10117431450692023,0.0019144862795149968,3
feature_000,1457,104,3014.947316403569,3007.52625,-7.421066403569057,3012.68,2989.3149999999996,73.62178674853077,-0.10079986823624809,0.10079986823624809,0.0038289725590299937,6
feature_497,1413,103,11.78714210898797,12.285918446601942,0.4987763376139718,10.8846,11.4069,4.9566469784566225,0.10062777110854047,0.10062777110854047,0.03254626675175495,51
feature_086,1463,104,2.4016230348598766,2.405367307692308,0.0037442728324315055,2.4036,2.4093,0.03733186120689418,0.1002969772034843,0.1002969772034843,0.0,0
feature_101,1457,104,-5.765271105010297e-06,-2.7884615384615386e-05,-2.211934427960509e-05,0.0,0.0,0.00022076237351255197,-0.10019526392864879,0.10019526392864879,0.0038289725590299937,6
feature_302,1462,103,0.40204220246238026,0.4217961165048544,0.01975391404247412,0.38045,0.3877,0.1975139946152524,0.10001273115332297,0.10001273115332297,0.0012763241863433313,2
feature_541,1455,104,9.59241615120275,9.880410576923076,0.28799442572032596,9.4593,9.398150000000001,2.896375799624502,0.09943268610297833,0.09943268610297833,0.005105296745373325,8
feature_245,519,30,1.7532115606936416,1.3233766666666666,-0.42983489402697495,1.192,1.0572,4.335614249231767,-0.0991404837510943,0.0991404837510943,0.6496490108487556,1018
feature_555,1221,86,57.51724512694513,61.00195116279071,3.4847060358455835,54.2784,58.80455,35.20755227346542,0.0989760949235847,0.0989760949235847,0.16592214422463306,260
feature_273,1449,104,20.155900414078676,20.534380769230772,0.3784803551520959,19.5809,19.61965,3.8304625092009634,0.09880800405772594,0.09880800405772594,0.008934269304403318,14
feature_003,1449,104,1399.290291994479,1355.7814346153848,-43.50885737909425,1285.2144,1281.5368,441.6916403756737,-0.09850505058707584,0.09850505058707584,0.008934269304403318,14
feature_083,1462,104,7.455438235294117,7.40466923076923,-0.050769004524886974,7.4792000000000005,7.3835999999999995,0.5162513849989246,-0.0983416335531821,0.0983416335531821,0.0006381620931716656,1
feature_238,1461,104,0.004780424366872005,0.004945192307692307,0.00016476794082030156,0.0046,0.0046,0.0016979477507117167,0.09703946470157103,0.09703946470157103,0.0012763241863433313,2
feature_559,1462,104,0.3244140902872777,0.3439,0.019485909712722294,0.2909,0.3104,0.20139186986927257,0.09675618844678775,0.09675618844678775,0.0006381620931716656,1
feature_483,1439,104,207.8032426685198,189.42007884615384,-18.383163822365958,148.6972,144.19495,192.86441252605448,-0.09531651579257804,0.09531651579257804,0.015315890236119975,24
feature_081,1439,104,-0.021261362056984017,-0.019658653846153843,0.001602708210830174,-0.0197,-0.0192,0.017021124441250673,0.09415994908926303,0.09415994908926303,0.015315890236119975,24
feature_517,519,30,1.7639612716763005,1.30538,-0.4585812716763005,1.167,1.0363,4.890663436682964,-0.09376667963627607,0.09376667963627607,0.6496490108487556,1018
feature_020,1463,104,1.4049505126452493,1.4065134615384616,0.0015629488932122904,1.4059,1.40685,0.01673693251882698,0.09338323444001259,0.09338323444001259,0.0,0
feature_044,1462,104,10.032246785225718,10.015957692307692,-0.016289092918025716,10.036999999999999,10.0078,0.17503759519923412,-0.09306053879159436,0.09306053879159436,0.0006381620931716656,1
feature_558,1462,104,0.9944912448700409,1.0022865384615385,0.007795293591497554,0.9721,0.9772,0.08385953711268757,0.09295655401749364,0.09295655401749364,0.0006381620931716656,1
feature_344,1457,104,23.271913040494162,22.44988461538461,-0.8220284251095507,23.3064,23.11665,8.895221076950302,-0.09241236592080075,0.09241236592080075,0.0038289725590299937,6
feature_424,1460,104,3.3540477397260275,2.773875961538462,-0.5801717781875655,2.66045,2.7172,6.3253650946585225,-0.0917214689595536,0.0917214689595536,0.0019144862795149968,3
feature_406,1455,104,6.713319587628866,6.972583653846153,0.2592640662172876,5.9201,6.08685,2.8295832878176426,0.09162623603747985,0.09162623603747985,0.005105296745373325,8
feature_118,1439,104,0.5984615010423906,0.5977221153846155,-0.0007393856577750935,0.599,0.5978,0.008101517448429837,-0.09126508243445115,0.09126508243445115,0.015315890236119975,24
feature_208,1457,104,73.43497597803706,70.87344230769232,-2.561533670344744,73.405,71.70150000000001,28.067142840732725,-0.09126449688449557,0.09126449688449557,0.0038289725590299937,6
feature_167,1462,103,1.2320109439124487,1.2893203883495143,0.05730944443706565,1.2,1.2,0.6327669145242083,0.09056959699000368,0.09056959699000368,0.0012763241863433313,2
feature_151,1460,104,14.232823287671232,11.444384615384614,-2.7884386722866186,10.974,11.430499999999999,31.002541178451466,-0.08994226170804161,0.08994226170804161,0.0019144862795149968,3
feature_544,1461,104,0.0025074606433949345,0.002533653846153846,2.6193202758911533e-05,0.0026,0.0026,0.00029552015522922185,0.08863423457054775,0.08863423457054775,0.0012763241863433313,2
feature_307,1462,104,0.12876080711354312,0.13117211538461537,0.002411308271072249,0.1295,0.13145,0.027467646411038542,0.08778721827812688,0.08778721827812688,0.0006381620931716656,1
feature_309,1462,104,0.12876128590971272,0.1311701923076923,0.002408906397979582,0.1295,0.13145,0.02747010529499158,0.08769192444336135,0.08769192444336135,0.0006381620931716656,1
feature_153,1460,104,0.011872328767123286,0.012686538461538456,0.0008142096944151692,0.0109,0.012650000000000002,0.009345677016570107,0.08712153148151346,0.08712153148151346,0.0019144862795149968,3
feature_352,1439,104,0.023432870048644888,0.022288461538461538,-0.00114440851018335,0.0219,0.02315,0.013157153635568708,-0.08697994580602796,0.08697994580602796,0.015315890236119975,24
feature_221,1463,104,0.060583321941216677,0.06260576923076923,0.002022447289552552,0.061,0.058300000000000005,0.02330522674165929,0.08678084585795184,0.08678084585795184,0.0,0
feature_526,1463,104,1.4489590567327408,1.3660653846153847,-0.0828936721173561,1.5571,1.5164499999999999,0.9584275329713078,-0.08648924333420382,0.08648924333420382,0.0,0
feature_254,1463,104,0.013995557074504443,0.01320673076923077,-0.0007888263052736738,0.015,0.014700000000000001,0.009132138563170602,-0.08637914326606537,0.08637914326606537,0.0,0
feature_392,1463,104,0.004549555707450443,0.0042971153846153845,-0.00025244032283505864,0.0049,0.004699999999999999,0.0029555534671379764,-0.08541219965799177,0.08541219965799177,0.0,0
feature_286,1460,104,4.315229657534247,3.484928846153846,-0.8303008113804009,3.36005,3.3451,9.763829303611644,-0.08503843989501869,0.08503843989501869,0.0019144862795149968,3
feature_407,1455,104,1.2299321649484536,1.260889423076923,0.03095725812846939,1.2397,1.2397,0.3647111336304682,0.08488158236440303,0.08488158236440303,0.005105296745373325,8
feature_305,1462,104,0.2645980848153215,0.26939711538461536,0.004799030569293872,0.2643,0.26180000000000003,0.05738748874740393,0.08362503176288522,0.08362503176288522,0.0006381620931716656,1
feature_376,1461,104,0.0015978781656399727,0.0016423076923076925,4.442952666771976e-05,0.0016,0.0016,0.0005343500725944657,0.08314685249689985,0.08314685249689985,0.0012763241863433313,2
feature_098,1457,104,-0.015781606039807824,-0.0512201923076923,-0.03543858626788447,0.0,0.0,0.42710978584634884,-0.082973014063961,0.082973014063961,0.0038289725590299937,6
feature_426,1460,104,1.2283993150684933,1.310483653846154,0.08208433877766064,1.1258,1.301,0.9956200684322506,0.0824454441812472,0.0824454441812472,0.0019144862795149968,3
feature_043,1462,104,355.57293194254447,355.0605432692307,-0.512388673313751,353.63365,354.08095000000003,6.234706194564162,-0.08218329097215296,0.08218329097215296,0.0006381620931716656,1
feature_439,1462,103,70.85070184678523,67.70915728155339,-3.1415445652318397,65.4416,65.4378,38.37617776213928,-0.08186184108025443,0.08186184108025443,0.0012763241863433313,2
feature_120,1463,104,6.311534859876965,6.301412499999999,-0.010122359876966414,6.3146,6.3053,0.12430439087350695,-0.08143203796611659,0.08143203796611659,0.0,0
feature_560,1462,104,0.07216764705882353,0.0763201923076923,0.004152545248868766,0.05865,0.06155,0.051577825356765514,0.08051028169849106,0.08051028169849106,0.0006381620931716656,1
feature_581,573,45,98.44283717277487,91.45992888888888,-6.98290828388599,72.023,75.5077,87.52096623001742,-0.07978554836259376,0.07978554836259376,0.6056158264199106,949
feature_225,1413,103,1038.7113872611465,1073.2290932038836,34.517705942737166,966.7002,988.7002,433.1700758034397,0.07968626613626081,0.07968626613626081,0.03254626675175495,51
feature_388,1463,104,35.06453274094327,36.42900384615385,1.3644711052105762,32.4526,33.447199999999995,17.227003219757325,0.07920536658666727,0.07920536658666727,0.0,0
feature_057,1460,103,0.9492367808219179,0.9489067961165047,-0.0003299847054131222,0.9493,0.9495,0.004175952180674276,-0.07902023086860174,0.07902023086860174,0.0025526483726866626,4
feature_161,1462,103,4088.8953488372094,3753.9417475728155,-334.9536012643939,2595.0,3185.0,4239.24505784859,-0.07901255923958837,0.07901255923958837,0.0012763241863433313,2
feature_568,1214,80,2.447583031301482,2.5257712499999996,0.07818821869851744,1.98815,2.2344,0.9966441742590869,0.07845148822210612,0.07845148822210612,0.1742182514358647,273
feature_493,1463,104,2.525005058099795,2.6009644230769235,0.07595936497712863,2.5372,2.4177,0.9739482901380285,0.07799116826455296,0.07799116826455296,0.0,0
feature_571,1463,104,2.103255434039645,2.081873076923077,-0.021382357116567885,2.1136,2.2036,0.27511184455412296,-0.07772241559145708,0.07772241559145708,0.0,0
feature_415,1449,104,6.651149068322981,6.344533653846154,-0.30661541447682694,6.1722,6.20965,3.958371425739251,-0.0774599908646937,0.0774599908646937,0.008934269304403318,14
feature_489,1439,104,270.98388262682414,288.57741730769226,17.593534680868117,218.9356,230.6351,228.04670199625264,0.0771488231439419,0.0771488231439419,0.015315890236119975,24
feature_062,1457,104,116.54615223061084,115.8883798076923,-0.6577724229185407,116.2155,115.77275,8.629021528561994,-0.0762279269719422,0.0762279269719422,0.0038289725590299937,6
feature_353,1439,104,0.04040972897845726,0.039234615384615396,-0.001175113593841863,0.0422,0.040650000000000006,0.015499273073510783,-0.07581733596591732,0.07581733596591732,0.015315890236119975,24
feature_311,1462,104,0.09748707250341997,0.09533749999999999,-0.0021495725034199747,0.0983,0.09215,0.028796173472484938,-0.07464785227363334,0.07464785227363334,0.0006381620931716656,1
feature_073,705,68,468.1360815602837,466.8211,-1.3149815602836838,466.0698,466.1306,17.62988564018737,-0.07458820704350912,0.07458820704350912,0.5067007019783025,794
feature_024,1462,103,-284.4415182626539,-499.539640776699,-215.0981225140451,-83.125,37.25,2902.6901174771046,-0.07410302643707599,0.07410302643707599,0.0012763241863433313,2
feature_215,1439,104,0.08122675469075748,0.07898365384615384,-0.002243100844603635,0.083,0.08085,0.03043682160672054,-0.07369694751926238,0.07369694751926238,0.015315890236119975,24
feature_060,1457,104,355.18862855181885,354.7453269230769,-0.4433016287419491,353.7991,353.67775,6.027888753453348,-0.07354177339254707,0.07354177339254707,0.0038289725590299937,6
feature_269,1455,104,3.772312027491409,3.8555634615384613,0.08325143404705226,3.7035,3.69735,1.152329079925915,0.07224623199859248,0.07224623199859248,0.005105296745373325,8
feature_131,1454,104,0.9977975240715269,0.9979596153846154,0.00016209131308853042,0.9977,0.9978,0.002250576394821345,0.0720221332906131,0.0720221332906131,0.00574345883854499,9
feature_563,1214,80,0.6801799011532125,0.67145875,-0.00872115115321248,0.64985,0.65915,0.12175776137289002,-0.07162706553468459,0.07162706553468459,0.1742182514358647,273
feature_029,1462,103,2.3643329685362517,2.3926621359223303,0.028329167386078602,2.3778,2.3889,0.4086942024843982,0.06931629373225587,0.06931629373225587,0.0012763241863433313,2
feature_539,1455,104,3.039889896907217,2.9551192307692307,-0.08477066613798634,3.0869,3.00395,1.2529130384380884,-0.06765885862570598,0.06765885862570598,0.005105296745373325,8
feature_117,1463,104,58.65480881749829,58.219350000000006,-0.4354588174982865,58.5502,58.46340000000001,6.48517445373113,-0.06714681626609953,0.06714681626609953,0.0,0
feature_216,1439,104,0.08336963168867269,0.08505961538461539,0.0016899836959426984,0.0847,0.08435,0.025764309384381366,0.0655939839383852,0.0655939839383852,0.015315890236119975,24
feature_006,1449,104,101.08577322291235,101.49097211538461,0.4051988924722565,101.5122,101.6389,6.237213788938685,0.06496472722978516,0.06496472722978516,0.008934269304403318,14
feature_564,1214,80,6.434481054365734,6.604375,0.16989394563426607,5.14,5.665,2.6335832675831226,0.06451056540550557,0.06451056540550557,0.1742182514358647,273
feature_296,1462,103,1887.5381184678522,1761.2783330097088,-126.25978545814337,1194.1928,1396.9153,1975.1113652390666,-0.0639254007041071,0.0639254007041071,0.0012763241863433313,2
feature_438,1462,103,54.55996415868673,56.70367572815533,2.1437115694686,49.001949999999994,50.4673,34.108051385106016,0.06285060220135284,0.06285060220135284,0.0012763241863433313,2
feature_142,1449,104,6.65624568668047,6.4370192307692315,-0.21922645591123846,6.26,6.255,3.5522542299963913,-0.06171474272872107,0.06171474272872107,0.008934269304403318,14
feature_048,1462,104,139.99064753761968,139.71333557692307,-0.2773119606966077,140.03725,139.85045,4.5242509086914,-0.061294558213796715,0.061294558213796715,0.0006381620931716656,1
feature_107,1457,104,-0.0014096774193548384,-0.006756730769230768,-0.0053470533498759295,0.0,0.0003,0.08747477543703755,-0.06112680282014125,0.06112680282014125,0.0038289725590299937,6
feature_050,1462,104,632.289171887825,631.762526923077,-0.5266449647480158,631.395,631.01775,8.643985374141904,-0.060926174901157364,0.060926174901157364,0.0006381620931716656,1
feature_267,1455,104,0.07070515463917526,0.0689326923076923,-0.0017724623314829546,0.0711,0.06914999999999999,0.02964867144185025,-0.059782183999686926,0.059782183999686926,0.005105296745373325,8
feature_218,1462,104,3.776088372093023,3.7064769230769232,-0.06961144901609995,3.6243999999999996,3.6746,1.1704360886275393,-0.05947479720804471,0.05947479720804471,0.0006381620931716656,1
feature_447,1462,104,0.2822363201094391,0.27710192307692305,-0.005134397032516058,0.2797,0.2718,0.08646076351049817,-0.059384127829181545,0.059384127829181545,0.0006381620931716656,1
feature_474,1456,104,37.53895164835165,39.010423076923075,1.4714714285714265,32.65075,34.0142,24.822917866633844,0.05927874541088219,0.05927874541088219,0.004467134652201659,7
feature_500,1461,104,239.7205577686516,258.69346057692303,18.972902808271442,0.0,0.0,323.0034102258164,0.058739017012257574,0.058739017012257574,0.0012763241863433313,2
feature_224,1413,103,0.059092073602264684,0.06318932038834953,0.004097246786084842,0.0399,0.038,0.07121124469042601,0.05753651412633847,0.05753651412633847,0.03254626675175495,51
feature_176,1462,104,0.2450036935704515,0.2406980769230769,-0.004305616647374583,0.24325000000000002,0.2363,0.07491779147962079,-0.057471216947790046,0.057471216947790046,0.0006381620931716656,1
feature_290,1454,103,0.12445281980742778,0.10894563106796115,-0.015507188739466632,0.0821,0.1009,0.27098702834075605,-0.057224837788054275,0.057224837788054275,0.006381620931716656,10
feature_419,1461,104,307.8241862422998,326.44035576923073,18.616169526930946,266.3959,332.56865000000005,325.4483912877321,0.05720160254371087,0.05720160254371087,0.0012763241863433313,2
feature_054,1460,103,4.838299315068493,4.841689320388349,0.0033900053198561153,4.843,4.845,0.059580672688929186,0.056897734900633636,0.056897734900633636,0.0025526483726866626,4
feature_491,1451,104,2.438084493452791,2.506693269230769,0.06860877577797808,2.2471,2.3552999999999997,1.2242828496170284,0.056039971318261786,0.056039971318261786,0.007657945118059987,12
feature_357,1451,104,0.0009969676085458306,0.001025,2.8032391454169527e-05,0.0009,0.001,0.0005009244455283376,0.0559613165306857,0.0559613165306857,0.007657945118059987,12
feature_425,1460,104,6.710385342465753,8.002597115384615,1.2922117729188622,4.75715,5.362500000000001,23.257715596229374,0.055560563012833485,0.055560563012833485,0.0019144862795149968,3
feature_004,1449,104,4.404697929606626,1.3034048076923077,-3.1012931219143183,1.3168,1.30565,56.35554009369094,-0.05503084730903876,0.05503084730903876,0.008934269304403318,14
feature_546,1221,86,1.0410381654381653,1.0196418604651158,-0.02139630497304945,0.9116,0.88705,0.38906580941832136,-0.05499405101938491,0.05499405101938491,0.16592214422463306,260
feature_522,1463,104,14.70296801093643,15.093179807692307,0.39021179675587625,13.6455,14.359300000000001,7.10443490065628,0.05492509991467865,0.05492509991467865,0.0,0
feature_275,1449,104,9.30954741200828,0.10601153846153848,-9.203535873546741,0.0784,0.0784,168.94941267400492,-0.054475098361574985,0.054475098361574985,0.008934269304403318,14
feature_140,1449,104,27.926758247066946,0.3183855769230769,-27.60837267014387,0.2358,0.2383,506.92210649829843,-0.05446275140939536,0.05446275140939536,0.008934269304403318,14
feature_202,1456,104,10.118003365384617,10.904902884615383,0.7868995192307668,8.4535,8.904499999999999,14.622904409729585,0.05381280607340841,0.05381280607340841,0.004467134652201659,7
feature_442,1462,104,1.3476127906976745,1.3121653846153845,-0.03544740608229002,1.2662,1.23665,0.6591945579551075,-0.053773814808562276,0.053773814808562276,0.0006381620931716656,1
feature_578,573,45,0.02156876090750436,0.022197777777777775,0.0006290168702734154,0.0205,0.0202,0.011730310164318606,0.053623208718450284,0.053623208718450284,0.6056158264199106,949
feature_409,1457,104,4.574106794783802,4.669020192307692,0.09491339752389027,4.4955,4.3893,1.7768432482370566,0.05341686590421591,0.05341686590421591,0.0038289725590299937,6
feature_362,1413,103,0.018306015569709833,0.019437864077669897,0.0011318485079600642,0.0125,0.012,0.021644055236286344,0.052293735882844895,0.052293735882844895,0.03254626675175495,51
feature_023,1462,103,-3811.035567647059,-3739.0784786407767,71.95708900628233,-3821.0,-3771.25,1380.1621478092084,0.052136692141936336,0.052136692141936336,0.0012763241863433313,2
feature_007,1454,104,0.12179037138927098,0.12225673076923077,0.0004663593799597854,0.1224,0.1222,0.008961318060306013,0.05204138239725196,0.05204138239725196,0.00574345883854499,9
feature_116,1463,104,0.9871626110731373,0.9866701923076923,-0.0004924187654450352,0.9905,0.9905,0.0094965042399418,-0.051852634717304454,0.051852634717304454,0.0,0
feature_405,1455,104,0.02424453608247423,0.023689423076923073,-0.0005551130055511562,0.0239,0.02305,0.010728270039700985,-0.05174301201376435,0.05174301201376435,0.005105296745373325,8
feature_082,1439,104,0.006180611535788741,0.004315384615384614,-0.0018652269204041273,0.0076,0.0072499999999999995,0.03607430939085071,-0.05170513176552154,0.05170513176552154,0.015315890236119975,24
feature_366,1461,104,0.0048058863791923334,0.004927884615384615,0.00012199823619228178,0.0043,0.0043,0.0023824490853868044,0.051207069624522386,0.051207069624522386,0.0012763241863433313,2
feature_061,1457,104,10.422229512697323,10.435939423076924,0.013709910379601453,10.4367,10.43685,0.27487688237514923,0.04987654931595995,0.04987654931595995,0.0038289725590299937,6
feature_285,1460,104,2.122967671232877,2.0752605769230774,-0.04770709430979947,1.8703,1.9062999999999999,0.9629227396279495,-0.04954405202667907,0.04954405202667907,0.0019144862795149968,3
feature_035,1462,104,64.56421757865937,64.43727307692308,-0.1269445017362898,64.1668,64.13875,2.574748594677452,-0.0493036492955898,0.0493036492955898,0.0006381620931716656,1
feature_384,519,30,1.293967437379576,1.1380666666666668,-0.1559007707129092,1.1061,1.1743999999999999,3.168427387352426,-0.04920446380915223,0.04920446380915223,0.6496490108487556,1018
feature_219,1451,104,0.003248656099241903,0.0033288461538461545,8.019005460425162e-05,0.003,0.0031,0.0016461065915743328,0.04871498298755856,0.04871498298755856,0.007657945118059987,12
feature_150,1460,104,6.824760958904111,6.666961538461539,-0.1577994204425721,5.955500000000001,5.8605,3.241842630695339,-0.04867584223504578,0.04867584223504578,0.0019144862795149968,3
feature_255,1463,104,0.4042243335611757,0.39855576923076924,-0.005668564330406467,0.4059,0.39305,0.1203341684201354,-0.04710685588996809,0.04710685588996809,0.0,0
feature_480,1457,104,75.64863191489363,73.9900548076923,-1.6585771072013245,70.6937,65.0282,35.752493321756106,-0.046390529809344716,0.046390529809344716,0.0038289725590299937,6
feature_169,1462,103,0.4010554035567716,0.3919126213592233,-0.009142782197548327,0.413,0.3939999999999999,0.19791761488934503,-0.04619488873014169,0.04619488873014169,0.0012763241863433313,2
feature_217,1439,104,0.07149131341209174,0.07362884615384614,0.0021375327417544054,0.0616,0.0627,0.04628346265847662,0.04618350959449931,0.04618350959449931,0.015315890236119975,24
feature_487,1439,104,240.27580340514245,228.10276057692312,-12.173042828219337,112.9319,105.4534,263.8376452668167,-0.04613838489920134,0.04613838489920134,0.015315890236119975,24
feature_136,1457,104,138.03205216197668,140.47403846153844,2.441986299561762,135.0,131.95,53.909791680681884,0.0452976393235967,0.0452976393235967,0.0038289725590299937,6
feature_525,1439,104,5.548502918693537,5.724975000000001,0.1764720813064633,5.1377,5.07615,3.920369755608116,0.04501414211096256,0.04501414211096256,0.015315890236119975,24
feature_253,1439,104,0.033148505906879774,0.03415288461538461,0.0010043787085048383,0.0308,0.0304,0.022425105715950116,0.04478813706507802,0.04478813706507802,0.015315890236119975,24
feature_228,1461,104,0.01781273100616016,0.018289423076923075,0.00047669207076291367,0.0154,0.015649999999999997,0.01074487814635285,0.04436458601670769,0.04436458601670769,0.0012763241863433313,2
feature_516,519,30,0.7047809248554914,0.23112000000000005,-0.4736609248554913,0.1744,0.23135,10.783879966801807,-0.043923052399846556,0.043923052399846556,0.6496490108487556,1018
feature_382,519,30,0.001889788053949903,0.0007166666666666668,-0.0011731213872832364,0.0005,0.00065,0.02673996257104384,-0.043871467066060356,0.043871467066060356,0.6496490108487556,1018
feature_244,519,30,0.005956647398843932,0.0022666666666666664,-0.0036899807321772653,0.0017,0.0022500000000000003,0.08461762122921439,-0.04360771052854051,0.04360771052854051,0.6496490108487556,1018
feature_527,1463,104,6.400965071770335,6.321891346153846,-0.07907372561648884,6.4251,6.295,1.8886975959742711,-0.04186680058524627,0.04186680058524627,0.0,0
feature_523,1463,104,0.46539501025290503,0.2921423076923077,-0.17325270256059733,0.1001,0.09259999999999999,4.1475806334485945,-0.041771991402260615,0.041771991402260615,0.0,0
feature_358,215,11,0.0024437209302325584,0.002427272727272727,-1.6448202959831303e-05,0.0024,0.0024,0.0003947076136774983,-0.04167186643952237,0.04167186643952237,0.8557753669432036,1341
feature_389,1463,104,0.0013710184552289814,0.0008788461538461539,-0.0004921723013828275,0.0003,0.0003,0.011816004389790637,-0.041653022895631144,0.041653022895631144,0.0,0
feature_251,1463,104,0.004387833219412166,0.002835576923076923,-0.0015522562963352434,0.001,0.0009,0.037472492069381025,-0.041423887513571594,0.041423887513571594,0.0,0
feature_282,1461,104,0.005746954140999314,0.006091346153846152,0.00034439201284683797,0.0053,0.00635,0.008550366665537237,0.040278040266381855,0.040278040266381855,0.0012763241863433313,2
feature_356,1462,104,1.299650341997264,1.2842653846153846,-0.015384957381879394,1.2555,1.2409,0.3869176053477393,-0.03976287759780866,0.03976287759780866,0.0006381620931716656,1
feature_321,1462,104,2.2692451436388508,2.186160576923077,-0.0830845667157738,2.0794,2.0444,2.116994491020851,-0.03924647280291645,0.03924647280291645,0.0006381620931716656,1
feature_017,1460,104,0.9714751369863015,0.9710057692307692,-0.0004693677555323017,0.9726,0.97095,0.012062412664690256,-0.03891159824984767,0.03891159824984767,0.0019144862795149968,3
feature_277,1449,104,2.2138247757073843,2.1678278846153844,-0.04599689109199989,2.0781,2.0870499999999996,1.1964372795250324,-0.03844488288618018,0.03844488288618018,0.008934269304403318,14
feature_096,1457,104,0.017688126286890878,0.00926057692307692,-0.008427549363813958,0.0041,0.00215,0.2195781445084066,-0.038380638394962426,0.038380638394962426,0.0038289725590299937,6
feature_473,1456,104,39.369835851648354,40.225003846153854,0.8551679945055,34.31445,33.05535,22.457103880741066,0.038080065846731084,0.038080065846731084,0.004467134652201659,7
feature_548,1221,86,75.67141195741195,75.79997674418604,0.128564786774092,74.078,74.199,3.3905233432159747,0.03791886200439661,0.03791886200439661,0.16592214422463306,260
feature_046,1462,104,733.7033568399454,733.243414423077,-0.4599424168684436,733.5767000000001,732.3281,12.170314705663275,-0.03779215476280299,0.03779215476280299,0.0006381620931716656,1
feature_091,1457,104,0.002220727522306108,0.005509615384615385,0.0032888878623092773,0.0,0.0104,0.08768295437644351,0.03750886230622784,0.03750886230622784,0.0038289725590299937,6
feature_482,1439,104,319.11555594162616,308.7728942307692,-10.34266171085693,295.3054,269.087,281.01132344861566,-0.036805142169824834,0.036805142169824834,0.015315890236119975,24
feature_055,1460,103,2856.2335616438354,2855.3009708737864,-0.9325907700490461,2854.0,2850.0,25.749317256276903,-0.036218077581133094,0.036218077581133094,0.0025526483726866626,4
feature_185,1462,104,7.382995896032832,7.123173076923076,-0.2598228191097558,6.75,6.52,7.188720312996779,-0.036143125312583325,0.036143125312583325,0.0006381620931716656,1
feature_246,519,30,4.168471098265896,3.8074266666666667,-0.3610444315992294,3.6693,3.82095,10.045083815255323,-0.03594240110280777,0.03594240110280777,0.6496490108487556,1018
feature_355,1439,104,0.03448922863099374,0.03528846153846154,0.0007992329074677992,0.0294,0.0288,0.022306691777344106,0.03582928905125877,0.03582928905125877,0.015315890236119975,24
feature_248,1463,104,0.025054272043745725,0.026816346153846152,0.0017620741101004277,0.021,0.0211,0.04923507178550761,0.03578900255851959,0.03578900255851959,0.0,0
feature_018,1460,104,190.0539228767123,189.95513076923075,-0.09879210748155742,189.6712,189.5427,2.7810407145023497,-0.035523430838816636,0.035523430838816636,0.0019144862795149968,3
feature_368,1457,104,0.0031666437886067257,0.003241346153846154,7.470236523942839e-05,0.0028,0.003,0.0021066824081722064,0.03545971853642687,0.03545971853642687,0.0038289725590299937,6
feature_518,519,30,1.8153612716763006,1.6490433333333334,-0.16631793834296715,1.5858,1.6619000000000002,4.71589432795297,-0.03526752865456187,0.03526752865456187,0.6496490108487556,1018
feature_084,1451,104,0.13311936595451412,0.13294807692307692,-0.00017128903143720509,0.133,0.13245,0.005051301341521237,-0.03390988180198731,0.03390988180198731,0.007657945118059987,12
feature_412,1449,104,30.869988957902002,31.48711826923077,0.6171293113287675,26.1032,27.0166,18.413621577973736,0.03351482535445248,0.03351482535445248,0.008934269304403318,14
feature_045,1462,104,136.72559008207935,136.98864326923075,0.26305318715139947,136.37725,136.5986,7.849247454551085,0.03351317290919121,0.03351317290919121,0.0006381620931716656,1
feature_457,1462,104,5.273763474692203,5.121714423076923,-0.15204905161527993,4.7961,4.734999999999999,4.53773652964822,-0.03350768618271173,0.03350768618271173,0.0006381620931716656,1
feature_092,1461,104,0.0005140314852840521,0.00040673076923077023,-0.00010730071605328183,0.0004,0.00015000000000000001,0.003231024228277144,-0.03320950524425409,0.03320950524425409,0.0012763241863433313,2
feature_386,1463,104,0.00824688995215311,0.008757692307692307,0.0005108023555391965,0.0068,0.00704999999999995,0.015488133549750038,0.03298023960720821,0.03298023960720821,0.0,0
feature_147,1461,104,0.017352840520191648,0.018227884615384618,0.00087504409519297,0.0157,0.0189,0.027122909963026458,0.03226217601230166,0.03226217601230166,0.0012763241863433313,2
feature_303,1462,103,0.04031422708618331,0.04076407766990291,0.00044985058371959513,0.038849999999999996,0.0387,0.014510612418506173,0.03100148847927853,0.03100148847927853,0.0012763241863433313,2
feature_520,1463,104,2.68430991114149,2.8604375,0.1761275888585101,2.221,2.2275,5.702366390511981,0.03088675416429997,0.03088675416429997,0.0,0
feature_304,1462,103,0.13220752393980847,0.13021650485436892,-0.001991019085439555,0.1375,0.1371,0.06486740634401707,-0.03069367495411188,0.03069367495411188,0.0012763241863433313,2
feature_440,1462,103,11.538861354309164,11.352811650485435,-0.18604970382372876,12.1176,11.781,6.169470770313719,-0.030156509488457807,0.030156509488457807,0.0012763241863433313,2
feature_168,1462,103,0.12430300957592338,0.1257281553398058,0.0014251457638824183,0.119,0.1169999999999999,0.04763862920302921,0.02991575928452192,0.02991575928452192,0.0012763241863433313,2
feature_109,519,30,0.9800065510597301,0.9797499999999999,-0.0002565510597302145,0.981,0.9803999999999999,0.008694888944683949,-0.029505961647396283,0.029505961647396283,0.6496490108487556,1018
feature_173,1462,104,0.5763789329685363,0.5735634615384615,-0.0028154714300747674,0.5785,0.5729500000000001,0.09573396704620046,-0.02940932583224137,0.02940932583224137,0.0006381620931716656,1
feature_072,705,68,150.31607673758867,150.833025,0.5169482624113186,152.3792,151.60975,18.388481151665765,0.028112613442491396,0.028112613442491396,0.5067007019783025,794
feature_420,1461,104,1.8155711841204656,1.9011971153846154,0.08562593126414986,1.6281,1.9497499999999999,3.057692275808107,0.02800344951047112,0.02800344951047112,0.0012763241863433313,2
feature_250,1463,104,109.54962337662337,111.07659423076925,1.5269708541458726,102.9943,106.0566,54.597273986975544,0.02796789551269793,0.02796789551269793,0.0,0
feature_354,1439,104,0.041945170257123,0.04158653846153845,-0.0003586317955845478,0.0443,0.04345,0.013067898600812283,-0.027443723473815115,0.027443723473815115,0.015315890236119975,24
feature_338,1456,104,3.0272789835164837,3.181793269230769,0.15451428571428538,2.5456,2.6252500000000003,5.645021949935593,0.02737177766262686,0.02737177766262686,0.004467134652201659,7
feature_390,1463,104,1.468733766233766,0.9132586538461539,-0.5554751123876122,0.8787,0.87005,20.3264151271033,-0.027327746133007983,0.027327746133007983,0.0,0
feature_268,1455,104,19.491305154639175,19.69175,0.20044484536082408,17.977,18.08,7.344404399628268,0.027292185241184357,0.027292185241184357,0.005105296745373325,8
feature_053,1460,103,4.5928726027397255,4.594368932038835,0.0014963292991092558,4.596,4.595,0.054949620183109386,0.02723093069839276,0.02723093069839276,0.0025526483726866626,4
feature_209,1457,104,0.03167467398764585,0.0,-0.03167467398764585,0.0,0.0,1.1680737221475166,-0.027117016149812535,0.027117016149812535,0.0038289725590299937,6
feature_074,1457,104,0.0028795470144131778,0.0,-0.0028795470144131778,0.0,0.0,0.10618967066673689,-0.027117016149812528,0.027117016149812528,0.0038289725590299937,6
feature_342,1457,104,0.00030693205216197666,0.0,-0.00030693205216197666,0.0,0.0,0.011318798885035097,-0.02711701614981252,0.02711701614981252,0.0038289725590299937,6
feature_478,1457,104,0.13726835964310227,0.0,-0.13726835964310227,0.0,0.0,5.062074635525537,-0.02711701614981251,0.02711701614981251,0.0038289725590299937,6
feature_206,1457,104,0.0013726835964310226,0.0,-0.0013726835964310226,0.0,0.0,0.05062074635525538,-0.027117016149812503,0.027117016149812503,0.0038289725590299937,6
feature_347,1457,104,0.009550240219629375,0.0,-0.009550240219629375,0.0,0.0,0.35218624965473616,-0.027117016149812493,0.027117016149812493,0.0038289725590299937,6
feature_444,1462,104,0.8953212038303695,0.8911288461538462,-0.004192357676523262,0.9033,0.8943,0.15552170737704213,-0.02695673644039566,0.02695673644039566,0.0006381620931716656,1
feature_490,1462,104,51.38633932968535,50.90006442307693,-0.486274906608422,48.489900000000006,49.5535,18.048612145684256,-0.026942509633611854,0.026942509633611854,0.0006381620931716656,1
feature_283,1461,104,2.8144331964407936,2.6571971153846152,-0.15723608105617837,2.6654,2.59355,5.8643238075385336,-0.026812312248865395,0.026812312248865395,0.0012763241863433313,2
feature_252,1463,104,4.758911893369788,3.0442971153846154,-1.7146147779851728,2.8641,2.9175,64.35475571189654,-0.0266431712624497,0.0266431712624497,0.0,0
feature_459,1462,104,2.8360637482900137,2.8709432692307693,0.034879520940755526,2.824,2.9279,1.3455762779675442,0.02592162295952488,0.02592162295952488,0.0006381620931716656,1
feature_496,1413,103,29.909042321302195,29.274001941747567,-0.6350403795546278,21.916,22.8348,24.62158630762343,-0.02579201728192485,0.02579201728192485,0.03254626675175495,51
feature_413,1449,104,25.693540579710145,24.48621923076923,-1.2073213489409156,20.2645,19.1426,47.30846281727361,-0.025520198227622175,0.025520198227622175,0.008934269304403318,14
feature_051,1462,104,157.32344671682625,158.79224326923077,1.4687965524045126,182.2799,193.0888,60.92510825477898,0.02410823048950922,0.02410823048950922,0.0006381620931716656,1
feature_583,1462,104,0.015290355677154584,0.015702884615384615,0.00041252893823003067,0.0138,0.0138,0.017179920787564994,0.024012272427275883,0.024012272427275883,0.0006381620931716656,1
feature_012,1461,104,199.96199514031488,199.88395769230766,-0.07803744800722257,199.5093,199.75560000000002,3.2572756729454815,-0.023957888690660022,0.023957888690660022,0.0012763241863433313,2
feature_162,1462,103,4807.294117647059,4653.233009708738,-154.06110793832067,1780.0,1790.0,6553.569317232143,-0.02350796954771318,0.02350796954771318,0.0012763241863433313,2
feature_524,1463,104,5.7199311688311685,5.235524038461539,-0.4844071303696298,4.8749,4.969,20.663414187041248,-0.02344274406856823,0.02344274406856823,0.0,0
feature_323,1462,104,5.3895737346101225,5.447486538461539,0.057912803851416506,5.444850000000001,5.4765,2.5188593358869564,0.02299167842614915,0.02299167842614915,0.0006381620931716656,1
feature_187,1462,104,17.923194186046512,18.120384615384616,0.1971904293381037,17.8,18.4,8.609911713011101,0.02290272373410218,0.02290272373410218,0.0006381620931716656,1
feature_540,1455,104,1.9417202061855672,1.9583278846153847,0.016607678429817474,1.7855,1.7892000000000001,0.7319283271893036,0.022690306977997475,0.022690306977997475,0.005105296745373325,8
feature_119,1463,104,0.9707637047163363,0.9709653846153846,0.00020167989904829042,0.9691,0.9701,0.00894856194452718,0.02253768821163887,0.02253768821163887,0.0,0
feature_148,1461,104,8.499317590691307,8.077825961538462,-0.421491629152845,7.9152,8.08085,18.740631069364888,-0.022490791670396464,0.022490791670396464,0.0012763241863433313,2
feature_584,1462,104,0.0038411764705882354,0.003922115384615385,8.093891402714956e-05,0.0036,0.0037,0.0037204448855646523,0.02175517082411112,0.02175517082411112,0.0006381620931716656,1
feature_077,1439,104,-0.007087074357192495,-0.006409615384615385,0.0006774589725771097,-0.01,-0.00865,0.03136823307920039,0.021596975859833122,0.021596975859833122,0.015315890236119975,24
feature_274,1449,104,136.4140935127674,134.59726538461538,-1.816828128152025,110.6014,110.75569999999999,85.60778449225228,-0.021222697666197082,0.021222697666197082,0.008934269304403318,14
feature_421,1461,104,4.18410636550308,4.039902884615385,-0.14420348088769508,3.9426,4.0389,6.913855226180046,-0.020857173916753898,0.020857173916753898,0.0012763241863433313,2
feature_552,1221,86,0.2763167076167076,0.28195930232558136,0.005642594708873738,0.1969999999999999,0.21785,0.27623064546809084,0.02042711336141576,0.02042711336141576,0.16592214422463306,260
feature_585,1462,104,3.0630234610123117,3.1353442307692303,0.07232076975691859,2.75765,2.7591,3.5780331508705934,0.020212437031032475,0.020212437031032475,0.0006381620931716656,1
feature_361,1463,104,39.959004511278195,39.61850961538461,-0.3404948958935847,39.7426,38.7372,17.056304026488174,-0.019962994055734554,0.019962994055734554,0.0,0
feature_287,1460,104,0.3769925342465754,0.2346798076923077,-0.14231272655426772,0.1382,0.15610000000000002,7.386342752978486,-0.019267008222287167,0.019267008222287167,0.0019144862795149968,3
feature_139,1449,104,417.10420082815733,412.0683432692307,-5.035857558926637,340.6819,329.588,263.30061396866864,-0.019125886123174313,0.019125886123174313,0.008934269304403318,14
feature_152,1460,104,1.2254723287671234,0.7932798076923078,-0.43219252107481565,0.4656,0.5216000000000001,23.364062814247543,-0.018498174932626107,0.018498174932626107,0.0019144862795149968,3
feature_432,1462,103,99.21857818057455,101.48333786407768,2.2647596835031294,57.6483,60.5054,126.18871499540555,0.017947402694334338,0.017947402694334338,0.0012763241863433313,2
feature_549,1221,86,0.6624850122850122,0.6742093023255815,0.011724290040569296,0.469,0.5033,0.6733457486710267,0.017411990888350253,0.017411990888350253,0.16592214422463306,260
feature_586,1462,104,0.02144473324213406,0.021650961538461536,0.00020622829632747572,0.0205,0.02055,0.012358175980665352,0.01668759990553012,0.01668759990553012,0.0006381620931716656,1
feature_297,1462,103,2346.191855061559,2295.0653291262133,-51.12652593534585,819.64155,824.0319999999999,3226.9242979623277,-0.015843732673750725,0.015843732673750725,0.0012763241863433313,2
feature_391,1439,104,0.010949061848505906,0.011051923076923077,0.00010286122841717156,0.0102,0.01,0.006737707837632237,0.015266501738567372,0.015266501738567372,0.015315890236119975,24
feature_177,1462,104,0.3950335157318741,0.39091346153846157,-0.004120054193412548,0.299,0.286,0.2829029611812174,-0.01456348910668839,0.01456348910668839,0.0006381620931716656,1
feature_448,1462,104,0.332493365253078,0.3291317307692307,-0.003361634483847298,0.2512,0.2417,0.23627532761965628,-0.01422761537446128,0.01422761537446128,0.0006381620931716656,1
feature_495,1463,104,6.810894736842105,6.764652884615385,-0.046241852226719615,6.6079,6.61925,3.2600194416023847,-0.014184532655422,0.014184532655422,0.0,0
feature_171,1462,104,0.12000896032831737,0.12083942307692307,0.0008304627486056954,0.1125,0.11535,0.06078486855133188,0.01366232696389534,0.01366232696389534,0.0006381620931716656,1
feature_393,1463,104,0.1340237867395762,0.1335076923076923,-0.0005160944318839122,0.134,0.1325,0.03840849260500818,-0.013436987418158072,0.013436987418158072,0.0,0
feature_306,1462,104,0.04860047879616963,0.048941346153846155,0.000340867357676522,0.0448,0.045799999999999993,0.025399957777037786,0.013419997020021618,0.013419997020021618,0.0006381620931716656,1
feature_320,1462,104,0.04307701778385773,0.043497115384615384,0.0004200976007576532,0.0399,0.0393,0.03188479233423949,0.013175484925662548,0.013175484925662548,0.0006381620931716656,1
feature_184,1462,104,0.1447218878248974,0.1461307692307692,0.001408881405871809,0.13325,0.1308,0.11019771063307962,0.012785033353033062,0.012785033353033062,0.0006381620931716656,1
feature_312,1462,104,0.16014876880984955,0.15867403846153844,-0.0014747303483111096,0.1216,0.1184,0.11731574841762066,-0.012570608534681667,0.012570608534681667,0.0006381620931716656,1
feature_350,1439,104,0.023189993050729676,0.023369230769230767,0.00017923771850109071,0.0188,0.01895,0.01432565504901551,0.012511659528854028,0.012511659528854028,0.015315890236119975,24
feature_367,1457,104,0.003775497597803706,0.0037423076923076923,-3.318990549601355e-05,0.0032,0.0033,0.002699080570067803,-0.012296744996826751,0.012296744996826751,0.0038289725590299937,6
feature_566,1214,80,2.61009176276771,2.6226737499999997,0.012581987232289649,2.1479,2.252,1.0327611589163015,0.012182862536670336,0.012182862536670336,0.1742182514358647,273
feature_015,1460,104,413.0992897260274,412.8999653846153,-0.19932434141207978,412.20425,412.54735,17.221094563789936,-0.011574429295057156,0.011574429295057156,0.0019144862795149968,3
feature_345,705,68,7.9753129078014195,7.782777941176471,-0.1925349666249483,5.5226,5.8988,17.51296529486415,-0.010993853033067512,0.010993853033067512,0.5067007019783025,794
feature_346,705,68,5.786559574468085,5.6007220588235285,-0.18583751564455664,3.025,3.4513499999999997,17.077498149928836,-0.010882010585685881,0.010882010585685881,0.5067007019783025,794
feature_589,1462,104,99.73649466484267,98.7362375,-1.0002571648426652,71.67665,76.05855,93.89191941652177,-0.010653282743164948,0.010653282743164948,0.0006381620931716656,1
feature_001,1457,103,2495.906115305422,2495.059708737865,-0.8464065675570964,2499.15,2500.85,80.40770497881121,-0.010526436089428728,0.010526436089428728,0.004467134652201659,7
feature_289,1460,104,2.5797009589041098,2.563083653846154,-0.01661730505795589,2.5513,2.5217,1.6169932742272342,-0.010276669249534973,0.010276669249534973,0.0019144862795149968,3
feature_036,1462,104,49.418170177838576,49.40612884615385,-0.012041331684727652,49.6004,49.6194,1.1826188859654572,-0.010181920674214029,0.010181920674214029,0.0006381620931716656,1
feature_034,1462,104,50.58183891928865,50.59387980769231,0.012040888403660688,50.3996,50.3806,1.1826181758105365,0.010181551958144198,0.010181551958144198,0.0006381620931716656,1
feature_094,1457,104,-2.9032258064516133e-05,-3.076923076923078e-05,-1.7369727047146482e-06,0.0,0.0,0.0001741347967703349,-0.009974874275160115,0.009974874275160115,0.0038289725590299937,6
feature_212,1439,104,0.05141091035441279,0.05172500000000001,0.00031408964558721914,0.0415,0.043300000000000005,0.031577643814254805,0.00994658269739025,0.00994658269739025,0.015315890236119975,24
feature_041,1439,104,3.351491869353718,3.3748490384615386,0.023357169107820486,3.074,3.093,2.3604249902068566,0.009895323598388768,0.009895323598388768,0.015315890236119975,24
feature_016,1460,104,9.906091575342467,9.928818269230769,0.022726693888301952,9.84715,9.9086,2.403866634483626,0.009454224108062412,0.009454224108062412,0.0019144862795149968,3
feature_156,1463,104,0.05804313055365686,0.05872788461538462,0.0006847540617277575,0.0488,0.0482,0.0791744877182338,0.00864867056879055,0.00864867056879055,0.0,0
feature_039,1462,104,118.68057920656635,118.66514807692307,-0.015431129643275199,118.4082,118.2566,1.8072208583386924,-0.00853859647097059,0.00853859647097059,0.0006381620931716656,1
feature_071,1457,104,104.3462796156486,104.08742115384615,-0.258858461802447,102.6512,100.6563,31.651898740791477,-0.008178291732901395,0.008178291732901395,0.0038289725590299937,6
feature_570,1463,104,530.5313482570061,530.4149557692308,-0.11639248777532885,532.4136,532.24635,17.49973601796463,-0.006651099631208397,0.006651099631208397,0.0,0
feature_308,1462,104,0.21842879616963062,0.21820961538461542,-0.000219180785015205,0.2194,0.22094999999999998,0.033593215620837266,-0.006524555061625333,0.006524555061625333,0.0006381620931716656,1
feature_154,1460,104,7.695783835616439,7.728674038461538,0.032890202845099026,7.48485,7.7067,5.239218953897178,0.006277691987015306,0.006277691987015306,0.0019144862795149968,3
feature_113,1463,104,0.94541989063568,0.9454846153846154,6.472474893537417e-05,0.9464,0.9475,0.01213287211602843,0.005334660113153912,0.005334660113153912,0.0,0
feature_472,1456,104,137.87286449175824,138.1059826923077,0.23311820054945542,138.32925,134.8724,47.698041338021866,0.004887374701560928,0.004887374701560928,0.004467134652201659,7
feature_223,1463,104,122.86227505126452,122.6256576923077,-0.23661735895682057,119.436,120.47205,55.15600267648893,-0.004289965687772407,0.004289965687772407,0.0,0
feature_002,1449,104,2200.5548855762595,2200.441876923077,-0.11300865318253273,2201.0667,2196.6889,29.513152057457155,-0.003829094668116907,0.003829094668116907,0.008934269304403318,14
feature_456,1462,104,12.323816894664844,12.351951923076923,0.02813502841207871,11.4484,10.70995,8.125875878592854,0.003462399479445508,0.003462399479445508,0.0006381620931716656,1
feature_427,1460,104,4.0578919178082185,4.067049038461539,0.009157120653320305,3.9354,4.023899999999999,3.0421444954151333,0.003010087346975515,0.003010087346975515,0.0019144862795149968,3
feature_108,1457,104,-0.010804941660947151,-0.010559615384615388,0.0002453262763317636,-0.0109,-0.015449999999999998,0.08675776525146273,0.002827715485993658,0.002827715485993658,0.0038289725590299937,6
feature_105,1457,104,-0.0004982841455044612,-0.0004923076923076934,5.976453196767859e-06,-0.0003,0.0,0.0032023291827482773,0.0018662832131576164,0.0018662832131576164,0.0038289725590299937,6
feature_132,1455,104,2.3185394501718215,2.3186173076923073,7.785752048583561e-05,2.3122,2.3236,0.05318080353310863,0.00146401549644439,0.00146401549644439,0.005105296745373325,8
feature_429,1463,104,4.1713712235133285,4.178489423076924,0.007118199563595162,3.4539,3.42295,6.435390493557366,0.0011061021970184054,0.0011061021970184054,0.0,0
feature_291,1463,104,0.01992617908407382,0.019926923076923078,7.439928492586345e-07,0.017,0.016300000000000002,0.02554882126842164,2.912043735568381e-05,2.912043735568381e-05,0.0,0
feature_005,1449,104,100.0,100.0,0.0,100.0,100.0,0.0,,,0.008934269304403318,14
feature_013,1460,104,0.0,0.0,0.0,0.0,0.0,0.0,,,0.0019144862795149968,3
feature_042,1462,104,70.0,70.0,0.0,70.0,70.0,0.0,,,0.0006381620931716656,1
feature_049,1462,104,1.0,1.0,0.0,1.0,1.0,0.0,,,0.0006381620931716656,1
feature_052,1462,104,0.0,0.0,0.0,0.0,0.0,0.0,,,0.0006381620931716656,1
feature_069,1457,104,1.0,1.0,0.0,1.0,1.0,0.0,,,0.0038289725590299937,6
feature_097,1457,104,0.0,0.0,0.0,0.0,0.0,0.0,,,0.0038289725590299937,6
feature_141,1449,104,0.0,0.0,0.0,0.0,0.0,0.0,,,0.008934269304403318,14
feature_149,1460,104,0.0,0.0,0.0,0.0,0.0,0.0,,,0.0019144862795149968,3
feature_178,1439,104,0.0,0.0,0.0,0.0,0.0,0.0,,,0.015315890236119975,24
feature_179,1462,104,0.0,0.0,0.0,0.0,0.0,0.0,,,0.0006381620931716656,1
feature_186,1462,104,0.0,0.0,0.0,0.0,0.0,0.0,,,0.0006381620931716656,1
feature_189,1462,104,0.0,0.0,0.0,0.0,0.0,0.0,,,0.0006381620931716656,1
feature_190,1460,103,0.0,0.0,0.0,0.0,0.0,0.0,,,0.0025526483726866626,4
feature_191,1460,103,0.0,0.0,0.0,0.0,0.0,0.0,,,0.0025526483726866626,4
feature_192,1460,103,0.0,0.0,0.0,0.0,0.0,0.0,,,0.0025526483726866626,4
feature_193,1460,103,0.0,0.0,0.0,0.0,0.0,0.0,,,0.0025526483726866626,4
feature_194,1460,103,0.0,0.0,0.0,0.0,0.0,0.0,,,0.0025526483726866626,4
feature_226,1457,104,0.0,0.0,0.0,0.0,0.0,0.0,,,0.0038289725590299937,6
feature_229,1457,104,0.0,0.0,0.0,0.0,0.0,0.0,,,0.0038289725590299937,6
feature_230,1457,104,0.0,0.0,0.0,0.0,0.0,0.0,,,0.0038289725590299937,6
feature_231,1457,104,0.0,0.0,0.0,0.0,0.0,0.0,,,0.0038289725590299937,6
feature_232,1457,104,0.0,0.0,0.0,0.0,0.0,0.0,,,0.0038289725590299937,6
feature_233,1457,104,0.0,0.0,0.0,0.0,0.0,0.0,,,0.0038289725590299937,6
feature_234,1457,104,0.0,0.0,0.0,0.0,0.0,0.0,,,0.0038289725590299937,6
feature_235,1457,104,0.0,0.0,0.0,0.0,0.0,0.0,,,0.0038289725590299937,6
feature_236,1457,104,0.0,0.0,0.0,0.0,0.0,0.0,,,0.0038289725590299937,6
feature_237,1457,104,0.0,0.0,0.0,0.0,0.0,0.0,,,0.0038289725590299937,6
feature_240,1457,104,0.0,0.0,0.0,0.0,0.0,0.0,,,0.0038289725590299937,6
feature_241,1457,104,0.0,0.0,0.0,0.0,0.0,0.0,,,0.0038289725590299937,6
feature_242,1457,104,0.0,0.0,0.0,0.0,0.0,0.0,,,0.0038289725590299937,6
feature_243,1457,104,0.0,0.0,0.0,0.0,0.0,0.0,,,0.0038289725590299937,6
feature_256,1454,104,0.0,0.0,0.0,0.0,0.0,0.0,,,0.00574345883854499,9
feature_257,1454,104,0.0,0.0,0.0,0.0,0.0,0.0,,,0.00574345883854499,9
feature_258,1454,104,0.0,0.0,0.0,0.0,0.0,0.0,,,0.00574345883854499,9
feature_259,1454,104,0.0,0.0,0.0,0.0,0.0,0.0,,,0.00574345883854499,9
feature_260,1454,104,0.0,0.0,0.0,0.0,0.0,0.0,,,0.00574345883854499,9
feature_261,1454,104,0.0,0.0,0.0,0.0,0.0,0.0,,,0.00574345883854499,9
feature_262,1454,104,0.0,0.0,0.0,0.0,0.0,0.0,,,0.00574345883854499,9
feature_263,1454,104,0.0,0.0,0.0,0.0,0.0,0.0,,,0.00574345883854499,9
feature_264,1454,104,0.0,0.0,0.0,0.0,0.0,0.0,,,0.00574345883854499,9
feature_265,1454,104,0.0,0.0,0.0,0.0,0.0,0.0,,,0.00574345883854499,9
feature_266,1454,104,0.0,0.0,0.0,0.0,0.0,0.0,,,0.00574345883854499,9
feature_276,1449,104,0.0,0.0,0.0,0.0,0.0,0.0,,,0.008934269304403318,14
feature_284,1460,104,0.0,0.0,0.0,0.0,0.0,0.0,,,0.0019144862795149968,3
feature_313,1439,104,0.0,0.0,0.0,0.0,0.0,0.0,,,0.015315890236119975,24
feature_314,1439,104,0.0,0.0,0.0,0.0,0.0,0.0,,,0.015315890236119975,24
feature_315,1462,104,0.0,0.0,0.0,0.0,0.0,0.0,,,0.0006381620931716656,1
feature_322,1462,104,0.0,0.0,0.0,0.0,0.0,0.0,,,0.0006381620931716656,1
feature_325,1462,104,0.0,0.0,0.0,0.0,0.0,0.0,,,0.0006381620931716656,1
feature_326,1460,103,0.0,0.0,0.0,0.0,0.0,0.0,,,0.0025526483726866626,4
feature_327,1460,103,0.0,0.0,0.0,0.0,0.0,0.0,,,0.0025526483726866626,4
feature_328,1460,103,0.0,0.0,0.0,0.0,0.0,0.0,,,0.0025526483726866626,4
feature_329,1460,103,0.0,0.0,0.0,0.0,0.0,0.0,,,0.0025526483726866626,4
feature_330,1460,103,0.0,0.0,0.0,0.0,0.0,0.0,,,0.0025526483726866626,4
feature_364,1457,104,0.0,0.0,0.0,0.0,0.0,0.0,,,0.0038289725590299937,6
feature_369,1457,104,0.0,0.0,0.0,0.0,0.0,0.0,,,0.0038289725590299937,6
feature_370,1457,104,0.0,0.0,0.0,0.0,0.0,0.0,,,0.0038289725590299937,6
feature_371,1457,104,0.0,0.0,0.0,0.0,0.0,0.0,,,0.0038289725590299937,6
feature_372,1457,104,0.0,0.0,0.0,0.0,0.0,0.0,,,0.0038289725590299937,6
feature_373,1457,104,0.0,0.0,0.0,0.0,0.0,0.0,,,0.0038289725590299937,6
feature_374,1457,104,0.0,0.0,0.0,0.0,0.0,0.0,,,0.0038289725590299937,6
feature_375,1457,104,0.0,0.0,0.0,0.0,0.0,0.0,,,0.0038289725590299937,6
feature_378,1457,104,0.0,0.0,0.0,0.0,0.0,0.0,,,0.0038289725590299937,6
feature_379,1457,104,0.0,0.0,0.0,0.0,0.0,0.0,,,0.0038289725590299937,6
feature_380,1457,104,0.0,0.0,0.0,0.0,0.0,0.0,,,0.0038289725590299937,6
feature_381,1457,104,0.0,0.0,0.0,0.0,0.0,0.0,,,0.0038289725590299937,6
feature_394,1454,104,0.0,0.0,0.0,0.0,0.0,0.0,,,0.00574345883854499,9
feature_395,1454,104,0.0,0.0,0.0,0.0,0.0,0.0,,,0.00574345883854499,9
feature_396,1454,104,0.0,0.0,0.0,0.0,0.0,0.0,,,0.00574345883854499,9
feature_397,1454,104,0.0,0.0,0.0,0.0,0.0,0.0,,,0.00574345883854499,9
feature_398,1454,104,0.0,0.0,0.0,0.0,0.0,0.0,,,0.00574345883854499,9
feature_399,1454,104,0.0,0.0,0.0,0.0,0.0,0.0,,,0.00574345883854499,9
feature_400,1454,104,0.0,0.0,0.0,0.0,0.0,0.0,,,0.00574345883854499,9
feature_401,1454,104,0.0,0.0,0.0,0.0,0.0,0.0,,,0.00574345883854499,9
feature_402,1454,104,0.0,0.0,0.0,0.0,0.0,0.0,,,0.00574345883854499,9
feature_403,1454,104,0.0,0.0,0.0,0.0,0.0,0.0,,,0.00574345883854499,9
feature_404,1454,104,0.0,0.0,0.0,0.0,0.0,0.0,,,0.00574345883854499,9
feature_414,1449,104,0.0,0.0,0.0,0.0,0.0,0.0,,,0.008934269304403318,14
feature_422,1460,104,0.0,0.0,0.0,0.0,0.0,0.0,,,0.0019144862795149968,3
feature_449,1439,104,0.0,0.0,0.0,0.0,0.0,0.0,,,0.015315890236119975,24
feature_450,1439,104,0.0,0.0,0.0,0.0,0.0,0.0,,,0.015315890236119975,24
feature_451,1462,104,0.0,0.0,0.0,0.0,0.0,0.0,,,0.0006381620931716656,1
feature_458,1462,104,0.0,0.0,0.0,0.0,0.0,0.0,,,0.0006381620931716656,1
feature_461,1462,104,0.0,0.0,0.0,0.0,0.0,0.0,,,0.0006381620931716656,1
feature_462,1460,103,0.0,0.0,0.0,0.0,0.0,0.0,,,0.0025526483726866626,4
feature_463,1460,103,0.0,0.0,0.0,0.0,0.0,0.0,,,0.0025526483726866626,4
feature_464,1460,103,0.0,0.0,0.0,0.0,0.0,0.0,,,0.0025526483726866626,4
feature_465,1460,103,0.0,0.0,0.0,0.0,0.0,0.0,,,0.0025526483726866626,4
feature_466,1460,103,0.0,0.0,0.0,0.0,0.0,0.0,,,0.0025526483726866626,4
feature_481,1457,104,0.0,0.0,0.0,0.0,0.0,0.0,,,0.0038289725590299937,6
feature_498,1457,104,0.0,0.0,0.0,0.0,0.0,0.0,,,0.0038289725590299937,6
feature_501,1457,104,0.0,0.0,0.0,0.0,0.0,0.0,,,0.0038289725590299937,6
feature_502,1457,104,0.0,0.0,0.0,0.0,0.0,0.0,,,0.0038289725590299937,6
feature_503,1457,104,0.0,0.0,0.0,0.0,0.0,0.0,,,0.0038289725590299937,6
feature_504,1457,104,0.0,0.0,0.0,0.0,0.0,0.0,,,0.0038289725590299937,6
feature_505,1457,104,0.0,0.0,0.0,0.0,0.0,0.0,,,0.0038289725590299937,6
feature_506,1457,104,0.0,0.0,0.0,0.0,0.0,0.0,,,0.0038289725590299937,6
feature_507,1457,104,0.0,0.0,0.0,0.0,0.0,0.0,,,0.0038289725590299937,6
feature_508,1457,104,0.0,0.0,0.0,0.0,0.0,0.0,,,0.0038289725590299937,6
feature_509,1457,104,0.0,0.0,0.0,0.0,0.0,0.0,,,0.0038289725590299937,6
feature_512,1457,104,0.0,0.0,0.0,0.0,0.0,0.0,,,0.0038289725590299937,6
feature_513,1457,104,0.0,0.0,0.0,0.0,0.0,0.0,,,0.0038289725590299937,6
feature_514,1457,104,0.0,0.0,0.0,0.0,0.0,0.0,,,0.0038289725590299937,6
feature_515,1457,104,0.0,0.0,0.0,0.0,0.0,0.0,,,0.0038289725590299937,6
feature_528,1454,104,0.0,0.0,0.0,0.0,0.0,0.0,,,0.00574345883854499,9
feature_529,1454,104,0.0,0.0,0.0,0.0,0.0,0.0,,,0.00574345883854499,9
feature_530,1454,104,0.0,0.0,0.0,0.0,0.0,0.0,,,0.00574345883854499,9
feature_531,1454,104,0.0,0.0,0.0,0.0,0.0,0.0,,,0.00574345883854499,9
feature_532,1454,104,0.0,0.0,0.0,0.0,0.0,0.0,,,0.00574345883854499,9
feature_533,1454,104,0.0,0.0,0.0,0.0,0.0,0.0,,,0.00574345883854499,9
feature_534,1454,104,0.0,0.0,0.0,0.0,0.0,0.0,,,0.00574345883854499,9
feature_535,1454,104,0.0,0.0,0.0,0.0,0.0,0.0,,,0.00574345883854499,9
feature_536,1454,104,0.0,0.0,0.0,0.0,0.0,0.0,,,0.00574345883854499,9
feature_537,1454,104,0.0,0.0,0.0,0.0,0.0,0.0,,,0.00574345883854499,9
feature_538,1454,104,0.0,0.0,0.0,0.0,0.0,0.0,,,0.00574345883854499,9
