feature,non_missing_count,mean,std,iqr,cv_abs,outlier_rate_iqr,missing_rate
feature_162,1565,4797.15463258786,6553.569317232143,5933.0,1.3661367663057324,0.09968051118210862,0.0012763241863433313
feature_161,1565,4066.850479233227,4239.24505784859,3713.0,1.042390193466829,0.08562300319488818,0.0012763241863433313
feature_297,1565,2342.82697827476,3226.9242979623277,2979.6798,1.3773634706642357,0.09840255591054313,0.0012763241863433313
feature_024,1565,-298.59813591054314,2902.6901174771046,2853.25,9.721059070330968,0.07603833865814696,0.0012763241863433313
feature_296,1565,1879.2283690095846,1975.1113652390666,1738.2558,1.0510225355314402,0.0817891373801917,0.0012763241863433313
feature_023,1565,-3806.2997336741214,1380.1621478092084,1019.0,0.36259943892463087,0.12396166134185303,0.0012763241863433313
feature_159,1565,882.6805111821086,983.0430214415103,555.0,1.113701966892861,0.08498402555910543,0.0012763241863433313
feature_021,1565,-5618.393610223642,626.822178342131,577.0,0.11156608486837222,0.023003194888178913,0.0012763241863433313
feature_160,1565,555.3463258785943,574.8085883403089,330.0,1.0350452709503823,0.04600638977635783,0.0012763241863433313
feature_204,1561,32.21816886611146,565.1012386167343,0.11639999999999999,17.539831048906493,0.07110826393337603,0.0038289725590299937
feature_140,1553,26.077903927881508,506.92210649829843,0.3074,19.438759644954306,0.03412749517063748,0.008934269304403318
feature_294,1565,401.81475022364225,477.0500761816525,243.46470000000002,1.1872388355980854,0.08370607028753993,0.0012763241863433313
feature_003,1553,1396.3766273663878,441.6916403756737,509.34770000000003,0.3163126850731659,0.032839665164198326,0.008934269304403318
feature_225,1516,1041.0565875989446,433.1700758034397,542.5744500000001,0.41608696488102304,0.02836411609498681,0.03254626675175495
feature_158,138,1039.6507376811596,406.84881031719414,556.075075,0.39133219991228113,0.021739130434782608,0.9119336311423102
feature_090,1516,8827.536865303431,396.3136618600386,500.7424250000022,0.04489515794805078,0.017810026385224276,0.03254626675175495
feature_511,1565,275.97945674121405,329.66468041158004,555.2941,1.1945261589550364,0.0,0.0012763241863433313
feature_419,1565,309.0612991054313,325.4483912877321,582.9352,1.053022142305532,0.0,0.0012763241863433313
feature_499,1565,263.1958643450479,324.77134168195846,536.2046,1.233953058077636,0.0,0.0012763241863433313
feature_500,1565,240.98137686900958,323.0034102258164,505.401,1.3403666890051493,0.0,0.0012763241863433313
feature_067,1561,16.71544356181935,307.5022930665586,0.1742999999999999,18.396298723950185,0.07751441383728379,0.0038289725590299937
feature_022,1565,2699.3784345047925,295.49853453043056,263.75,0.10946910249901307,0.03386581469648562,0.0012763241863433313
feature_418,1565,320.2592353354633,287.70448241162677,524.0022,0.8983487458535387,0.0,0.0012763241863433313
feature_486,1543,302.50618554763446,287.3640702281874,501.60745,0.9499444439721624,0.0,0.015315890236119975
feature_295,1565,252.9991181469649,283.53070180436623,143.7323,1.1206786169099048,0.04664536741214057,0.0012763241863433313
feature_482,1543,318.41844847699286,281.01132344861566,514.5859,0.8825221176495995,0.0,0.015315890236119975
feature_487,1543,239.45532611795204,263.8376452668167,341.9509499999999,1.1018240836157234,0.020738820479585224,0.015315890236119975
feature_139,1553,416.76696374758535,263.3006139686687,258.4199,0.6317693984212639,0.0540888602704443,0.008934269304403318
feature_340,1561,14.673506598334402,261.7384514987537,0.0322,17.83748484009022,0.08199871877001921,0.0038289725590299937
feature_488,1543,352.6164769280623,252.0437513506614,370.7328,0.714781548345176,0.0,0.015315890236119975
feature_468,1560,224.17304724358976,230.76691495133312,297.449625,1.029414185999704,0.03461538461538462,0.004467134652201659
feature_489,1543,272.1697073882048,228.04670199625264,264.28495,0.8378842163760053,0.04471808165910564,0.015315890236119975
feature_433,1565,205.51930440894571,225.7788702718895,294.9992,1.0985774349577935,0.03961661341853035,0.0012763241863433313
feature_485,1543,201.11172838626052,218.69001540828836,238.50990000000002,1.0874055787948205,0.06740116655865197,0.015315890236119975
feature_484,1543,215.28894802333116,213.12663798938698,218.21165000000002,0.9899562422790517,0.0661049902786779,0.015315890236119975
feature_483,1543,206.56419598185354,192.86441252605448,181.5491,0.9336778409700655,0.07906675307841866,0.015315890236119975
feature_275,1553,8.693212749517064,168.9494126740049,0.10020000000000001,19.434634529494353,0.03412749517063748,0.008934269304403318
feature_363,1516,333.31960098944586,138.80192793728307,183.64724999999999,0.41642293920086043,0.021767810026385226,0.03254626675175495
feature_293,138,335.55115652173913,137.69248302875377,174.17985000000002,0.41034721637096544,0.028985507246376812,0.9119336311423102
feature_432,1565,99.36763265175718,126.18871499540556,89.1405,1.269917694805564,0.07348242811501597,0.0012763241863433313
feature_521,1567,11.610079706445436,103.12299573442073,0.0,8.88219532869969,0.0,0.0
feature_589,1566,99.67006634738188,93.89191941652177,70.3811,0.9420272591098573,0.08492975734355045,0.0006381620931716656
feature_581,618,97.93437297734629,87.52096623001742,70.35425,0.8936695418498504,0.06957928802588997,0.6056158264199106
feature_572,1567,28.45016502871729,86.30468130478187,2.630000000000001,3.033538864103841,0.05552010210593491,0.0
feature_274,1553,136.2924256922086,85.60778449225228,80.8226,0.6281184303343585,0.05795235028976175,0.008934269304403318
feature_001,1560,2495.8502307692306,80.40770497881121,86.57499999999982,0.03221655850480629,0.05512820512820513,0.004467134652201659
feature_000,1561,3014.452895579757,73.62178674853077,90.38999999999987,0.024422934873683407,0.032030749519538756,0.0038289725590299937
feature_252,1567,4.645114869176771,64.35475571189654,1.5894,13.854287251092629,0.004467134652201659,0.0
feature_051,1566,157.4209913154534,60.92510825477898,91.46817499999999,0.3870202299304045,0.0,0.0006381620931716656
feature_135,1562,117.96094750320103,57.54462723964513,35.0,0.48782778078383593,0.040973111395646605,0.003190810465858328
feature_004,1553,4.197013135866064,56.355540093690934,0.508,13.427534837119785,0.030907920154539602,0.008934269304403318
feature_223,1567,122.84657102744097,55.15600267648893,49.355450000000005,0.4489828427052181,0.017868538608806637,0.0
feature_250,1567,109.65096668793873,54.597273986975544,55.62625,0.4979187656626567,0.022335673261008295,0.0
feature_136,1561,138.1947469570788,53.90979168068189,91.0,0.39010015118321,0.0,0.0038289725590299937
feature_088,1567,1807.8150211231653,53.53726220241346,64.4027000000001,0.029614347472979648,0.022335673261008295,0.0
feature_137,1560,122.69294871794872,52.2530147577518,80.3,0.4258844155573524,0.001282051282051282,0.004467134652201659
feature_115,1567,747.3837915762605,48.94924986407113,55.75885000000005,0.06549412820531647,0.03765156349712827,0.0
feature_472,1560,137.8884057051282,47.698041338021866,62.884975,0.345917708556463,0.008974358974358974,0.004467134652201659
feature_413,1553,25.61268969735995,47.308462817273615,17.9315,1.847071251644062,0.0437862202189311,0.008934269304403318
feature_439,1565,70.64394204472843,38.37617776213927,36.7996,0.5432338096002807,0.021725239616613417,0.0012763241863433313
feature_510,1565,55.76350843450479,37.691735602274036,28.926499999999997,0.6759211653001287,0.058146964856230034,0.0012763241863433313
feature_431,1565,22.358304920127793,36.39540753203448,10.7062,1.6278249921920493,0.0523961661341853,0.0012763241863433313
feature_430,1565,18.421600063897763,36.06008447354801,10.4234,1.957489270664265,0.07476038338658147,0.0012763241863433313
feature_480,1561,75.53813094170404,35.752493321756106,40.225100000000005,0.4733039178497521,0.029468289557975657,0.0038289725590299937
feature_555,1307,57.746537184391734,35.20755227346542,47.61110000000001,0.6096911432289596,0.02448355011476664,0.16592214422463306
feature_436,1565,7.513266325878594,34.55780389217089,1.8713,4.599571264117239,0.03769968051118211,0.0012763241863433313
feature_435,1565,9.37066555910543,34.369788819490914,2.3284,3.6678065824357544,0.04089456869009585,0.0012763241863433313
feature_434,1565,14.733945495207667,34.10885406654277,5.203500000000001,2.314984406426435,0.030031948881789138,0.0012763241863433313
feature_438,1565,54.701051884984025,34.108051385106016,30.376400000000004,0.6235355666801905,0.027476038338658148,0.0012763241863433313
feature_423,1564,77.66044590792839,32.59693287559445,36.93482499999999,0.4197366174569777,0.0319693094629156,0.0019144862795149968
feature_071,1561,104.32903344010249,31.651898740791477,28.014700000000005,0.3033853348115556,0.07431133888532991,0.0038289725590299937
feature_151,1564,14.047402813299232,31.002541178451466,6.2574999999999985,2.206994530625984,0.01854219948849105,0.0019144862795149968
feature_002,1553,2200.547317707663,29.513152057457155,37.011099999999715,0.013411732535795398,0.019961365099806824,0.008934269304403318
feature_208,1561,73.26431646380526,28.067142840732725,34.357,0.38309431105658,0.014093529788597053,0.0038289725590299937
feature_574,1567,9.16231499680919,26.920150379391046,0.9246500000000002,2.9381384932482772,0.05488194001276324,0.0
feature_055,1563,2856.1721049264233,25.7493172562769,38.0,0.009015324115750447,0.003198976327575176,0.0025526483726866626
feature_474,1560,37.63704974358974,24.822917866633844,22.012975000000004,0.659534103649068,0.04230769230769231,0.004467134652201659
feature_496,1516,29.865896437994728,24.62158630762343,16.096175,0.8244047306177757,0.09828496042216359,0.03254626675175495
feature_040,1543,67.9049092676604,24.06294300863671,5.400000000000006,0.3543623468192549,0.21386908619572262,0.015315890236119975
feature_152,1564,1.1967331841432223,23.364062814247543,0.30617499999999986,19.52320126476194,0.06969309462915602,0.0019144862795149968
feature_425,1564,6.79631246803069,23.257715596229374,3.1172999999999997,3.4221080483912134,0.08951406649616368,0.0019144862795149968
feature_473,1560,39.42684705128205,22.457103880741066,22.827050000000003,0.5695891393884823,0.041025641025641026,0.004467134652201659
feature_188,1566,43.21141826309067,21.71187601683998,32.963750000000005,0.5024569173973474,0.002554278416347382,0.0006381620931716656
feature_524,1567,5.687781620931717,20.663414187041248,2.6809999999999996,3.6329478809449034,0.005105296745373325,0.0
feature_390,1567,1.4318675175494575,20.3264151271033,0.4730500000000001,14.195737299698338,0.004467134652201659,0.0
feature_561,1566,32.284955938697316,19.026081423650705,28.350949999999997,0.589317249178764,0.005747126436781609,0.0006381620931716656
feature_148,1565,8.471307923322684,18.740631069364888,3.2254000000000005,2.2122476527820853,0.006389776357827476,0.0012763241863433313
feature_412,1553,30.911316355441084,18.413621577973732,19.731799999999996,0.5956919260972373,0.04829362524146812,0.008934269304403318
feature_072,773,150.36155213454074,18.388481151665765,13.132500000000022,0.12229510064655419,0.02457956015523933,0.5067007019783025
feature_490,1566,51.35404521072797,18.048612145684256,23.103625,0.35145453628088996,0.022988505747126436,0.0006381620931716656
feature_271,1561,46.05659814221652,17.86643760258941,29.580800000000004,0.38792351852432255,0.0006406149903907751,0.0038289725590299937
feature_272,1560,41.298147435897434,17.737513289361313,27.1846,0.429499006387473,0.001282051282051282,0.004467134652201659
feature_073,773,468.02040401034924,17.629885640187375,3.4318000000000097,0.037669053505191896,0.031047865459249677,0.5067007019783025
feature_345,773,7.958375808538163,17.512965294864145,2.3849,2.2005702816993535,0.04915912031047866,0.5067007019783025
feature_570,1567,530.5236234205488,17.49973601796463,3.653699999999958,0.03298578092552252,0.05998723675813657,0.0
feature_207,1561,20.376175528507368,17.497556438702528,6.02,0.8587262322226515,0.019218449711723255,0.0038289725590299937
feature_203,1561,30.07314272901986,17.461797918207267,8.853000000000002,0.5806442670641486,0.010890454836643177,0.0038289725590299937
feature_388,1567,35.15509112954691,17.227003219757325,18.265900000000002,0.4900286890531907,0.016592214422463305,0.0
feature_015,1564,413.08603542199484,17.221094563789936,12.96187500000002,0.0416888809765681,0.004475703324808184,0.0019144862795149968
feature_346,773,5.770211642949547,17.077498149928836,1.553,2.9595964943149586,0.08796895213454076,0.5067007019783025
feature_361,1567,39.93640625398851,17.056304026488174,14.910499999999999,0.42708660158385525,0.008934269304403318,0.0
feature_576,1567,5.563746522016593,16.921368702380114,0.49354999999999993,3.0413622610986466,0.05615826419910657,0.0
feature_199,1561,11.532056374119154,16.445556002852985,4.720000000000001,1.426073153766484,0.1108263933376041,0.0038289725590299937
feature_519,852,11.728439906103286,15.814419874330685,6.8115499999999995,1.3483822231208367,0.13380281690140844,0.4562858966177409
feature_196,1560,8.68848717948718,15.720926221143502,4.515,1.809397412504601,0.04230769230769231,0.004467134652201659
feature_476,1561,20.13215464445868,14.939589734186162,12.160100000000002,0.7420760469023241,0.06918641896220372,0.0038289725590299937
feature_202,1560,10.170463333333334,14.622904409729584,5.859,1.4377815376221388,0.023717948717948717,0.004467134652201659
feature_460,1566,29.197413601532563,13.33518889253988,15.056950000000004,0.4567250056641976,0.037037037037037035,0.0006381620931716656
feature_577,1567,16.642362858966177,12.485266987951567,5.57935,0.7502099968469953,0.058710912571793235,0.0
feature_138,1553,57.60302459755312,12.345358058102567,12.0,0.21431787904114633,0.05859626529298133,0.008934269304403318
feature_046,1566,733.6728114942529,12.170314705663275,17.012200000000007,0.016588204598826966,0.0038314176245210726,0.0006381620931716656
feature_066,1561,706.668522869955,11.623078342670448,15.826799999999935,0.01644770916846029,0.0064061499039077515,0.0038289725590299937
feature_205,1561,9.050121716848174,11.541082734748231,3.8999999999999995,1.2752406095558644,0.03971812940422806,0.0038289725590299937
feature_516,549,0.6788978142076503,10.783879966801807,0.14340000000000003,15.88439341108765,0.04735883424408015,0.6496490108487556
feature_428,1557,4.220747463070006,10.632730122912243,1.6735,2.5191580912965623,0.04945407835581246,0.006381620931716656
feature_197,1561,20.092709801409352,10.552161573356331,4.330000000000002,0.5251736414675225,0.03074951953875721,0.0038289725590299937
feature_569,1294,21.117674034003095,10.213294338381658,9.305975,0.4836372756742288,0.05641421947449768,0.1742182514358647
feature_477,1561,6.257921460602177,10.185026114844831,2.5984,1.6275413775910128,0.03971812940422806,0.0038289725590299937
feature_471,1561,9.63879679692505,10.174117047695473,3.9129000000000005,1.055538078252796,0.11467008327994875,0.0038289725590299937
feature_246,549,4.14874189435337,10.045083815255321,1.7538,2.4212361412328747,0.012750455373406194,0.6496490108487556
feature_286,1564,4.26001783887468,9.763829303611644,1.8442249999999998,2.291969112080254,0.017263427109974423,0.0019144862795149968
feature_070,1561,619.1016865470853,9.539190367164208,12.39549999999997,0.015408115620500273,0.005124919923126201,0.0038289725590299937
feature_059,1560,2.960241474358974,9.532219593731652,6.2568,3.2200817657268344,0.12564102564102564,0.004467134652201659
feature_344,1561,23.21714625240231,8.895221076950302,11.0122,0.38313154339672134,0.010890454836643177,0.0038289725590299937
feature_200,1560,17.600192307692307,8.690718499196095,6.0075,0.49378542843521916,0.013461538461538462,0.004467134652201659
feature_467,1563,6.252090658989124,8.673723727949763,1.6894,1.3873317264647893,0.13947536788227768,0.0025526483726866626
feature_050,1566,632.254196743295,8.643985374141904,12.207899999999995,0.013671693155484891,0.005108556832694764,0.0006381620931716656
feature_062,1561,116.50232882767459,8.629021528561994,8.904600000000002,0.07406737372027716,0.024983984625240232,0.0038289725590299937
feature_187,1566,17.936289846743293,8.6099117130111,6.355,0.48002746312523537,0.0031928480204342275,0.0006381620931716656
feature_270,1562,29.26029052496799,8.402012633351179,6.719900000000003,0.28714727306557974,0.027528809218950064,0.003190810465858328
feature_456,1566,12.325685376756066,8.125875878592854,5.571325,0.6592636133579017,0.032567049808429116,0.0006381620931716656
feature_045,1566,136.74305977011497,7.849247454551085,11.369349999999997,0.057401432056199526,0.0070242656449553,0.0006381620931716656
feature_562,1294,262.72968315301387,7.630585273216422,5.734499999999969,0.029043483711630583,0.1661514683153014,0.1742182514358647
feature_336,1560,9.73638641025641,7.556130948920659,1.7530999999999999,0.7760713914313171,0.03333333333333333,0.004467134652201659
feature_287,1564,0.3675292838874679,7.386342752978486,0.08357499999999998,20.097290411395015,0.07672634271099744,0.0019144862795149968
feature_268,1559,19.504676715843488,7.344404399628268,10.825,0.37654581547934446,0.0,0.005105296745373325
feature_185,1566,7.3657407407407405,7.188720312996777,3.0599999999999996,0.9759670569499082,0.0280970625798212,0.0006381620931716656
feature_065,1560,27.131815576923074,7.121703093956383,6.858525,0.26248531263104036,0.03653846153846154,0.004467134652201659
feature_063,1560,13.989926987179485,7.119863108210895,6.011800000000001,0.5089278246223595,0.03397435897435897,0.004467134652201659
feature_522,1567,14.728865922144223,7.10443490065628,7.626150000000003,0.482347720334331,0.022335673261008295,0.0
feature_421,1565,4.174523514376997,6.913855226180046,1.6000999999999999,1.6562022473628024,0.0076677316293929714,0.0012763241863433313
feature_183,1566,26.66117037037037,6.836100919669127,10.515500000000003,0.2564066327435633,0.0031928480204342275,0.0006381620931716656
feature_324,1566,13.332171711366538,6.615849551191287,10.346575,0.49623194888428024,0.0031928480204342275,0.0006381620931716656
feature_494,1567,0.9564419910657307,6.615200266560572,0.42399999999999993,6.916467834279714,0.09189534141671984,0.0
feature_133,1559,1004.0430934573443,6.537701154618075,8.67450000000008,0.006511375056727903,0.01667735728030789,0.005105296745373325
feature_117,1567,58.62590791320995,6.48517445373113,1.1555999999999997,0.11061959950081814,0.05105296745373325,0.0
feature_429,1567,4.171843650287173,6.435390493557366,2.1844,1.5425771033184281,0.041480536056158264,0.0
feature_424,1564,3.315468542199488,6.3253650946585225,1.505725,1.90783444757472,0.01918158567774936,0.0019144862795149968
feature_006,1553,101.11290824211203,6.237213788938685,6.666699999999992,0.06168563339117743,0.06310367031551835,0.008934269304403318
feature_043,1566,355.53890357598976,6.234706194564162,9.970674999999972,0.017535932444680026,0.0019157088122605363,0.0006381620931716656
feature_440,1565,11.526616549520767,6.169470770313719,10.3823,0.5352369226310579,0.0006389776357827476,0.0012763241863433313
feature_339,1561,9.328957719410635,6.074701971319435,2.851,0.6511662024879676,0.010890454836643177,0.0038289725590299937
feature_060,1561,355.15909404228057,6.027888753453348,9.077200000000005,0.016972362117625366,0.003843689942344651,0.0038289725590299937
feature_283,1565,2.8039842811501594,5.8643238075385336,0.9358,2.0914253503350815,0.011501597444089457,0.0012763241863433313
feature_335,1561,3.426925112107623,5.781558467381748,1.3247,1.6870979896686396,0.11531069827033953,0.0038289725590299937
feature_520,1567,2.6959992980216976,5.702366390511981,1.3515499999999996,2.115121615460483,0.0389278876834716,0.0
feature_332,1560,2.5934845512820512,5.645225833657501,1.2439749999999998,2.1766953772162885,0.03205128205128205,0.004467134652201659
feature_338,1560,3.037579935897436,5.645021949935592,1.5041000000000002,1.8583945341566137,0.02435897435897436,0.004467134652201659
feature_343,1561,6.198508263933376,5.371825069596769,1.8863000000000003,0.8666319122059183,0.014093529788597053,0.0038289725590299937
feature_154,1564,7.697970907928389,5.239218953897178,3.127725,0.6805973959321069,0.0076726342710997444,0.0019144862795149968
feature_201,1560,7.8393589743589756,5.1044949288971635,4.470000000000001,0.6511367760543914,0.038461538461538464,0.004467134652201659
feature_547,1307,403.54647742922725,5.06388723553502,6.737000000000023,0.012548461004527315,0.011476664116296864,0.16592214422463306
feature_478,1561,0.12812299807815503,5.062074635525538,0.0,39.50949253027682,0.0,0.0038289725590299937
feature_470,1561,5.367751761691223,4.9833666916925035,4.1835,0.9283899317509402,0.01729660474055093,0.0038289725590299937
feature_064,1560,20.54210903846154,4.977467453454667,5.448824999999996,0.24230557067607914,0.04230769230769231,0.004467134652201659
feature_550,1307,17.013312930374905,4.966953947064532,4.505000000000001,0.2919451354002151,0.009946442234123947,0.16592214422463306
feature_497,1516,11.821029947229553,4.9566469784566225,6.3187,0.4193075392401228,0.025725593667546173,0.03254626675175495
feature_517,549,1.7389021857923495,4.890663436682964,0.8694000000000001,2.8125005975850685,0.09107468123861566,0.6496490108487556
feature_518,549,1.8062728597449909,4.71589432795297,0.7616,2.6108427098986358,0.01092896174863388,0.6496490108487556
feature_457,1566,5.26366570881226,4.53773652964822,2.261925,0.8620867624726409,0.028735632183908046,0.0006381620931716656
feature_048,1566,139.97223090676883,4.5242509086914,6.268900000000031,0.03232248910646329,0.004469987228607918,0.0006381620931716656
feature_245,549,1.7297233151183968,4.335614249231767,0.8503000000000001,2.5065362831945186,0.09289617486338798,0.6496490108487556
feature_068,1561,147.43757764253684,4.240095182952078,4.721800000000002,0.028758578720224297,0.015374759769378604,0.0038289725590299937
feature_182,1566,10.780542784163474,4.164050577644839,5.605,0.38625611539353977,0.008301404853128991,0.0006381620931716656
feature_523,1567,0.4538964262922782,4.1475806334485945,0.06014999999999998,9.13772480503699,0.12699425654116145,0.0
feature_417,1565,8.190905495207668,4.0545151785465565,3.403299999999999,0.4950020703960961,0.07412140575079872,0.0012763241863433313
feature_415,1553,6.630615904700579,3.958371425739251,2.643300000000001,0.5969839729267202,0.044430135222150675,0.008934269304403318
feature_525,1543,5.560397342838626,3.920369755608116,2.2279999999999998,0.7050520878075841,0.029812054439403757,0.015315890236119975
feature_273,1553,20.181246168705734,3.830462509200963,3.850200000000001,0.18980307148429273,0.05988409529942048,0.008934269304403318
feature_341,1561,2.7320936579115953,3.667901967754305,1.0735999999999999,1.342524242217245,0.035233824471492634,0.0038289725590299937
feature_585,1566,3.067826372924649,3.578033150870594,0.9886749999999997,1.1663088832043482,0.04980842911877394,0.0006381620931716656
feature_142,1553,6.641564713457822,3.552254229996391,2.3899999999999997,0.5348520090150515,0.039278815196394076,0.008934269304403318
feature_028,1565,69.49953233226837,3.4611809382184786,4.888900000000007,0.0498014996945737,0.003194888178913738,0.0012763241863433313
feature_333,1561,6.215865791159512,3.4034468352849374,1.0956000000000001,0.5475418790613972,0.033952594490711085,0.0038289725590299937
feature_548,1307,75.6798714613619,3.3905233432159747,5.143000000000015,0.044800860225390246,0.0,0.16592214422463306
feature_180,1566,19.013256704980844,3.3116324160902977,4.122499999999999,0.17417491739975086,0.010217113665389528,0.0006381620931716656
feature_495,1567,6.807825717932355,3.2600194416023847,2.6225999999999994,0.47886352804467863,0.02297383535417996,0.0
feature_012,1565,199.9568092651757,3.2572756729454815,3.876400000000018,0.01628989622766883,0.0076677316293929714,0.0012763241863433313
feature_150,1564,6.8142679028133,3.241842630695339,3.8157500000000004,0.47574334865186774,0.034526854219948847,0.0019144862795149968
feature_384,549,1.2854482695810565,3.168427387352426,0.5443,2.4648423918179576,0.01639344262295082,0.6496490108487556
feature_469,1561,5.66229269698911,3.151684683718798,1.1585,0.5566092839733784,0.033952594490711085,0.0038289725590299937
feature_454,1566,7.883741570881226,3.0596604010061013,3.7702500000000017,0.38809750084998024,0.02362707535121328,0.0006381620931716656
feature_420,1565,1.8212613418530355,3.057692275808107,1.1843000000000001,1.678887156687282,0.008306709265175719,0.0012763241863433313
feature_427,1564,4.058500831202046,3.0421444954151333,1.6554250000000001,0.7495734562937397,0.008312020460358057,0.0019144862795149968
feature_134,1559,39.39197851186658,2.9904760832493906,3.457349999999998,0.07591586399623286,0.01603592046183451,0.005105296745373325
feature_541,1559,9.61162809493265,2.896375799624502,3.7426500000000003,0.3013408104243548,0.021167415009621552,0.005105296745373325
feature_406,1559,6.730614945477869,2.8295832878176426,4.0376,0.4204048680156288,0.0006414368184733803,0.005105296745373325
feature_014,1564,9.005370524296675,2.7965955707527526,3.7669999999999995,0.31054752974433203,0.007033248081841432,0.0019144862795149968
feature_018,1564,190.04735358056266,2.7810407145023497,3.889550000000014,0.014633409316712444,0.0076726342710997444,0.0019144862795149968
feature_479,1561,3.2833942344650864,2.6386083196727443,0.9976000000000003,0.8036221456369259,0.016015374759769378,0.0038289725590299937
feature_564,1294,6.444984544049459,2.6335832675831226,2.8199999999999994,0.4086252262644546,0.03632148377125193,0.1742182514358647
feature_475,1561,4.2625733504164,2.611173976572678,1.2472999999999996,0.6125815937730664,0.011531069827033953,0.0038289725590299937
feature_408,1562,5.340931882202304,2.5781176672891375,1.6593,0.4827093331559332,0.03905249679897567,0.003190810465858328
feature_035,1566,64.55578703703704,2.574748594677452,0.31990000000000407,0.039884086506454704,0.027458492975734355,0.0006381620931716656
feature_323,1566,5.393419795657725,2.5188593358869564,2.0719250000000002,0.4670245282807219,0.002554278416347382,0.0006381620931716656
feature_016,1564,9.907602813299233,2.403866634483626,0.560550000000001,0.2426284823667793,0.02237851662404092,0.0019144862795149968
feature_041,1543,3.3530661697990927,2.3604249902068566,0.8310000000000004,0.7039601578600184,0.12637718729747247,0.015315890236119975
feature_453,1566,5.460971264367817,2.2508044285391753,3.1546,0.41216192497210236,0.006385696040868455,0.0006381620931716656
feature_553,1307,7.703873527161439,2.192647285688347,1.89905,0.2846162100088691,0.018362662586074982,0.16592214422463306
feature_319,1566,7.916036079182631,2.17905879570771,3.2359500000000017,0.27527145832977407,0.0019157088122605363,0.0006381620931716656
feature_410,1560,4.9293441025641025,2.122977939052172,3.1932250000000004,0.43068162718603076,0.001282051282051282,0.004467134652201659
feature_321,1566,2.2637273946360152,2.116994491020851,0.9632750000000001,0.9351808420206191,0.01979565772669221,0.0006381620931716656
feature_111,549,231.81889763205828,2.105317916257847,2.662300000000016,0.00908173551752194,0.0018214936247723133,0.6496490108487556
feature_032,1566,85.3374687100894,2.026549205778641,1.2514000000000038,0.023747472668345544,0.017241379310344827,0.0006381620931716656
feature_527,1567,6.395717038927887,1.8886975959742711,2.6988000000000003,0.2953066223034272,0.0025526483726866626,0.0
feature_110,549,101.31825282331512,1.8800873187169334,1.6891000000000105,0.01855625483391964,0.08561020036429873,0.6496490108487556
feature_557,1307,1.6230700076511093,1.870433438491922,0.6327,1.1524046588716124,0.023718439173680182,0.16592214422463306
feature_039,1566,118.67955440613025,1.8072208583386924,0.9239999999999924,0.015227735454366877,0.08876117496807152,0.0006381620931716656
feature_409,1561,4.580430301089045,1.7768432482370566,2.9239,0.38792059510535365,0.0,0.0038289725590299937
feature_492,226,8.170942920353982,1.7592622036065415,2.1542499999999993,0.21530712192642837,0.01327433628318584,0.8557753669432036
feature_337,1560,2.3274816025641023,1.699434805898996,1.2426249999999999,0.7301603604629099,0.026923076923076925,0.004467134652201659
feature_289,1564,2.5785959718670073,1.6169932742272342,0.9323999999999999,0.6270828357249258,0.00959079283887468,0.0019144862795149968
feature_437,1565,4.016785495207667,1.6112736720855252,1.6079000000000003,0.4011351051749958,0.02619808306709265,0.0012763241863433313
feature_551,1307,1.2307115531752104,1.3611173002144201,0.5000000000000001,1.105959635060519,0.03289977046671767,0.16592214422463306
feature_459,1566,2.838380140485313,1.3455762779675444,1.0180499999999997,0.4740648579007724,0.0038314176245210726,0.0006381620931716656
feature_033,1566,8.960278544061303,1.3444563668120262,0.4806000000000008,0.15004626923156372,0.034482758620689655,0.0006381620931716656
feature_383,549,0.5410398907103825,1.3410197897865856,0.24570000000000003,2.478596888717085,0.10382513661202186,0.6496490108487556
feature_545,1565,7.611403130990415,1.3155442597144669,0.9046999999999992,0.1728385998053535,0.1182108626198083,0.0012763241863433313
feature_556,1307,4.216904514154552,1.2800084208134206,1.0776,0.30354218752568785,0.010711553175210406,0.16592214422463306
feature_539,1559,3.0342348941629247,1.2529130384380884,2.0571,0.4129255255907728,0.0,0.005105296745373325
feature_027,1565,6.638627987220446,1.244249271997308,2.066,0.1874256660250468,0.015335463258785943,0.0012763241863433313
feature_491,1555,2.442673118971061,1.2242828496170286,1.0926999999999998,0.501206174542396,0.04372990353697749,0.007657945118059987
feature_129,1558,-0.5542283055198973,1.2204787495960854,0.9461,2.202122730724133,0.1527599486521181,0.00574345883854499
feature_318,1566,3.188770498084291,1.2159299661071454,1.7015250000000002,0.3813162367243539,0.0038314176245210726,0.0006381620931716656
feature_277,1553,2.2107444945267227,1.1964372795250324,0.8166,0.5411920203746414,0.03219575016097875,0.008934269304403318
feature_036,1566,49.41737049808429,1.1826188859654574,0.32645000000000124,0.023931238632199234,0.02937420178799489,0.0006381620931716656
feature_034,1566,50.58263856960409,1.1826181758105365,0.32645000000000124,0.023379922622723568,0.02937420178799489,0.0006381620931716656
feature_218,1566,3.771465389527459,1.1704360886275393,1.4586499999999996,0.31033987263348256,0.021711366538952746,0.0006381620931716656
feature_209,1561,0.02956438180653427,1.1680737221475177,0.0,39.50949253027682,0.0,0.0038289725590299937
feature_269,1559,3.7778656831302113,1.152329079925915,1.4229000000000003,0.3050211883052269,0.025016035920461834,0.005105296745373325
feature_155,1557,0.5071714836223506,1.1224267752591632,0.21000000000000002,2.2131109723332614,0.04945407835581246,0.006381620931716656
feature_166,1565,2.78888178913738,1.1197559057432673,1.1,0.4015071237887123,0.03450479233226837,0.0012763241863433313
feature_416,1558,3.4043485237483955,1.0354331579490534,1.3506,0.304150162865516,0.011553273427471117,0.00574345883854499
feature_566,1294,2.610869629057187,1.0327611589163015,1.0085250000000001,0.39556213279375524,0.04868624420401855,0.1742182514358647
feature_316,1566,5.976977011494252,1.0186291821386317,1.2462750000000007,0.17042548100481536,0.0210727969348659,0.0006381620931716656
feature_568,1294,2.452416924265842,0.996644174259087,1.08645,0.4063926343019523,0.03245749613601236,0.1742182514358647
feature_426,1564,1.233857608695652,0.9956200684322506,0.7960750000000001,0.8069165043158834,0.010869565217391304,0.0019144862795149968
feature_493,1567,2.5300463943841733,0.9739482901380285,1.5353500000000002,0.3849527393251983,0.004467134652201659,0.0
feature_285,1564,2.1197953324808183,0.9629227396279495,1.168775,0.4542526935848241,0.030690537084398978,0.0019144862795149968
feature_526,1567,1.4434574984045947,0.9584275329713078,1.7274499999999997,0.6639804317277271,0.0025526483726866626,0.0
feature_455,1566,3.636633461047254,0.9383721211041947,1.4422499999999996,0.25803318677983245,0.002554278416347382,0.0006381620931716656
feature_452,1566,5.3468155810983395,0.9191963782506015,1.1488000000000005,0.1719147339773744,0.010855683269476373,0.0006381620931716656
feature_122,1558,3.898389602053916,0.9041204721731875,1.1900000000000004,0.2319215277243814,0.014762516046213094,0.00574345883854499
feature_540,1559,1.9428280949326493,0.7319283271893036,1.0730500000000003,0.3767334480587058,0.0006414368184733803,0.005105296745373325
feature_549,1307,0.6632564651874522,0.6733457486710267,0.6240999999999999,1.0152117378617984,0.045906656465187455,0.16592214422463306
feature_442,1566,1.3452586845466155,0.6591945579551075,0.6701750000000001,0.49001323353453907,0.05044699872286079,0.0006381620931716656
feature_167,1565,1.2357827476038339,0.6327669145242084,0.6,0.5120373429319474,0.0134185303514377,0.0012763241863433313
feature_554,1307,0.5036574598316756,0.5988519979364184,0.21855000000000002,1.1890065087818955,0.032134659525631215,0.16592214422463306
feature_411,1553,2.616086349001932,0.5514741690393612,0.5319000000000003,0.21080121046071554,0.056664520283322604,0.008934269304403318
feature_198,1561,0.5573587443946187,0.5377051946449524,0.43,0.9647380615316025,0.016655989750160152,0.0038289725590299937
feature_031,1565,3.673189392971246,0.5353218337891784,0.16860000000000008,0.14573760743552516,0.22619808306709266,0.0012763241863433313
feature_083,1566,7.452066602809706,0.5162513849989246,0.7034000000000002,0.06927627093459937,0.008301404853128991,0.0006381620931716656
feature_038,1566,86.83657656449554,0.44675558233221313,0.4240999999999957,0.00514478575742098,0.05427841634738186,0.0006381620931716656
feature_098,1561,-0.018142664958360026,0.42710978584634884,0.4081,23.541733633213536,0.05060858424087124,0.0038289725590299937
feature_029,1565,2.366197444089457,0.4086942024843982,0.5667,0.17272193557020302,0.007028753993610224,0.0012763241863433313
feature_165,1565,0.2520255591054313,0.4073293242260462,0.123,1.6162222818664427,0.030031948881789138,0.0012763241863433313
feature_195,1563,0.287084452975048,0.39518696433610084,0.07799999999999999,1.3765529977008146,0.1490722968650032,0.0025526483726866626
feature_546,1307,1.039630298393267,0.38906580941832136,0.4880500000000002,0.37423477366869423,0.019892884468247895,0.16592214422463306
feature_356,1566,1.298628607918263,0.3869176053477393,0.5078499999999999,0.2979432325674534,0.014687100893997445,0.0006381620931716656
feature_407,1559,1.2319973059653624,0.3647111336304682,0.45020000000000004,0.2960324116493823,0.01603592046183451,0.005105296745373325
feature_347,1561,0.008913965406790519,0.352186249654736,0.0,39.50949253027682,0.0,0.0038289725590299937
feature_301,1565,0.9101459424920129,0.33198168690319163,0.32920000000000005,0.36475654222466086,0.03578274760383387,0.0012763241863433313
feature_037,1566,66.22127356321839,0.3041407986805711,0.30262500000000614,0.004592795975000721,0.06321839080459771,0.0006381620931716656
feature_177,1566,0.39475989782886334,0.2829029611812173,0.20099999999999998,0.7166456439399062,0.14687100893997446,0.0006381620931716656
feature_125,1558,1.1849557124518615,0.2805546877108019,0.36360000000000003,0.2367638594106523,0.02631578947368421,0.00574345883854499
feature_552,1307,0.27668798775822495,0.2762306454680908,0.26355,0.9983470829585352,0.042081101759755164,0.16592214422463306
feature_571,1567,2.1018363114231016,0.27511184455412296,0.3077500000000002,0.13089118456034834,0.037013401403956606,0.0
feature_061,1561,10.423142921204356,0.2748768823751492,0.3086000000000002,0.026371784830461497,0.039077514413837285,0.0038289725590299937
feature_290,1557,0.12342697495183043,0.27098702834075605,0.0532,2.195525155230561,0.027617212588310854,0.006381620931716656
feature_128,1558,3.1921822849807446,0.26417454262867024,0.23700000000000054,0.0827567222184067,0.02631578947368421,0.00574345883854499
feature_126,1558,2.7507284980744546,0.25347081523856796,0.30100000000000016,0.09214679508210308,0.028241335044929396,0.00574345883854499
feature_573,1567,0.3456364390555201,0.24847812360739024,0.12465000000000001,0.7189002533597936,0.06573069559668156,0.0
feature_164,1565,0.12794249201277955,0.2425336331045254,0.04799999999999989,1.8956456865034323,0.038977635782747606,0.0012763241863433313
feature_448,1566,0.3322701149425288,0.23627532761965628,0.16340000000000002,0.7110941279221688,0.14687100893997446,0.0006381620931716656
feature_181,1566,0.5467701149425287,0.22440175239982996,0.3107500000000001,0.41041334606119967,0.0070242656449553,0.0006381620931716656
feature_096,1561,0.017126649583600256,0.21957814450840663,0.2106,12.820846449656168,0.04612427930813581,0.0038289725590299937
feature_300,1565,0.1183861980830671,0.21914716598500064,0.056600000000000004,1.851120903732658,0.02875399361022364,0.0012763241863433313
feature_019,1557,12.48103397559409,0.21796526009825198,0.08709999999999951,0.0174637181922964,0.029543994861913937,0.006381620931716656
feature_559,1566,0.3257081736909323,0.20139186986927257,0.293775,0.6183199751700899,0.007662835249042145,0.0006381620931716656
feature_169,1565,0.40045367412140576,0.19791761488934503,0.30600000000000005,0.49423348486832025,0.0019169329073482429,0.0012763241863433313
feature_302,1565,0.4033423003194888,0.1975139946152524,0.18119999999999997,0.4896932319243503,0.012779552715654952,0.0012763241863433313
feature_047,1566,1.177958109833972,0.18963690625019128,0.35534999999999994,0.1609878183842376,0.0,0.0006381620931716656
feature_026,1565,1.938476805111821,0.18949504806307088,0.09670000000000001,0.09775461205590225,0.024920127795527155,0.0012763241863433313
feature_441,1566,0.8020809706257981,0.18421271107607257,0.248,0.22966847216478217,0.0,0.0006381620931716656
feature_025,1565,1.2038447284345049,0.17760047570306497,0.20950000000000002,0.1475277263821381,0.024920127795527155,0.0012763241863433313
feature_446,1566,1.1750031928480202,0.17615820845233035,0.22550000000000003,0.14992147214966367,0.015964240102171137,0.0006381620931716656
feature_044,1566,10.031165006385697,0.17503759519923412,0.22704999999999842,0.017449378520621252,0.0210727969348659,0.0006381620931716656
feature_334,1561,0.16836386931454198,0.17288255254879842,0.12100000000000001,1.0268387941703485,0.024343369634849454,0.0038289725590299937
feature_170,1566,0.6843303320561941,0.15746797134498902,0.2217,0.23010520499924073,0.001277139208173691,0.0006381620931716656
feature_444,1566,0.8950427841634739,0.1555217073770421,0.18400000000000005,0.17375896451966372,0.02681992337164751,0.0006381620931716656
feature_443,1566,0.6339410600255428,0.14355204755671536,0.182925,0.22644383935461024,0.005747126436781609,0.0006381620931716656
feature_445,1566,0.6470899106002554,0.14125217772776266,0.1926,0.21828833275538773,0.0006385696040868455,0.0006381620931716656
feature_127,1558,0.6484775994865212,0.1354088654417417,0.16459999999999997,0.208810397689853,0.018613607188703467,0.00574345883854499
feature_299,1565,0.06026683706070288,0.13082538246147596,0.021799999999999996,2.170769013972046,0.03450479233226837,0.0012763241863433313
feature_120,1567,6.310863050414805,0.12430439087350695,0.1294499999999994,0.019696892466290576,0.03190810465858328,0.0
feature_163,1565,0.14020447284345047,0.12198898992468676,0.063,0.870079159749042,0.03514376996805112,0.0012763241863433313
feature_563,1294,0.6796407264296754,0.12175776137289,0.20177499999999993,0.17915018426355098,0.0038639876352395673,0.1742182514358647
feature_255,1567,0.4038481174218251,0.1203341684201354,0.17335,0.29796887302174707,0.003190810465858328,0.0
feature_312,1566,0.16005083014048532,0.11731574841762066,0.06867500000000001,0.7329905650264121,0.14942528735632185,0.0006381620931716656
feature_175,1566,0.7780436143039591,0.11632213822392523,0.15169999999999995,0.1495059352527268,0.015964240102171137,0.0006381620931716656
feature_124,1558,15.794704749679077,0.1141436918639244,0.14749999999999908,0.007226706271052241,0.004492939666238768,0.00574345883854499
feature_184,1566,0.1448154533844189,0.1101977106330796,0.06694999999999997,0.7609527026135464,0.0280970625798212,0.0006381620931716656
feature_123,1558,15.829659820282412,0.10831493753624595,0.13750000000000107,0.006842530968193196,0.008985879332477536,0.00574345883854499
feature_074,1561,0.002687700192184497,0.10618967066673698,0.0,39.50949253027683,0.0,0.0038289725590299937
feature_121,1558,15.796424903722723,0.0996177237680075,0.129999999999999,0.00630634617485699,0.01668806161745828,0.00574345883854499
feature_173,1566,0.5761919540229885,0.09573396704620046,0.11769999999999992,0.16614943401722845,0.022988505747126436,0.0006381620931716656
feature_091,1561,0.0024398462524023064,0.08768295437644351,0.0936,35.937901533799376,0.05124919923126201,0.0038289725590299937
feature_107,1561,-0.0017659192825112094,0.08747477543703755,0.09759999999999999,49.53497948821582,0.03843689942344651,0.0038289725590299937
feature_108,1561,-0.010788597053171044,0.08675776525146273,0.10289999999999999,8.041616979842843,0.026905829596412557,0.0038289725590299937
feature_447,1566,0.28189533844189013,0.08646076351049817,0.11272499999999994,0.3067122854474629,0.004469987228607918,0.0006381620931716656
feature_058,1563,4.593311772232885,0.08509477590107162,0.13669999999999938,0.018525800146090593,0.007677543186180422,0.0025526483726866626
feature_244,549,0.005755009107468123,0.08461762122921439,0.0014,14.703299273568193,0.051001821493624776,0.6496490108487556
feature_558,1566,0.995008939974457,0.08385953711268757,0.04559999999999986,0.08428018457285452,0.08301404853128991,0.0006381620931716656
feature_130,1558,0.7449764441591785,0.08253126367202694,0.12580000000000002,0.1107837225177989,0.0025673940949935813,0.00574345883854499
feature_565,1294,0.1456095054095827,0.08112235463523564,0.09844999999999998,0.5571226576661176,0.030911901081916538,0.1742182514358647
feature_156,1567,0.058088576898532224,0.0791744877182338,0.03044999999999999,1.362995823714772,0.041480536056158264,0.0
feature_176,1566,0.24471775223499362,0.07491779147962079,0.09767499999999998,0.30613958650486434,0.004469987228607918,0.0006381620931716656
feature_008,1565,1.4628616613418528,0.07389656150907685,0.1056999999999999,0.05051507156274303,0.0038338658146964857,0.0012763241863433313
feature_317,1566,0.17262911877394632,0.07239235980809001,0.10072499999999998,0.4193519628799477,0.004469987228607918,0.0006381620931716656
feature_174,1566,0.3201127713920817,0.07124688599023044,0.09369999999999995,0.22256808336761283,0.005108556832694764,0.0006381620931716656
feature_172,1566,0.3201125159642401,0.07124300579846014,0.09359999999999996,0.2225561396244148,0.005108556832694764,0.0006381620931716656
feature_224,1516,0.05937044854881267,0.07121124469042601,0.031525,1.1994392232337303,0.10092348284960422,0.03254626675175495
feature_575,1567,0.10472916400765793,0.0677911184842199,0.03705,0.6472993375490224,0.06062539885130823,0.0
feature_247,852,0.053373591549295774,0.06688019872989498,0.032299999999999995,1.2530578660445686,0.13380281690140844,0.4562858966177409
feature_304,1565,0.1320764856230032,0.06486740634401705,0.10569999999999999,0.4911351633717257,0.0,0.0012763241863433313
feature_298,1565,0.06380447284345046,0.06422486764861535,0.028499999999999998,1.0065887983464161,0.02939297124600639,0.0012763241863433313
feature_331,1563,0.08323186180422265,0.063424505382566,0.026800000000000004,0.7620219469768997,0.06461932181701856,0.0025526483726866626
feature_102,1561,0.0011146060217809093,0.06296766399989996,0.0693,56.4932027724834,0.039077514413837285,0.0038289725590299937
feature_099,1561,0.0015401024983984623,0.062740393429447,0.0596,40.73780381155808,0.032030749519538756,0.0038289725590299937
feature_144,1565,0.12000811501597444,0.061342785491063416,0.04880000000000001,0.511155312146166,0.07859424920127796,0.0012763241863433313
feature_171,1566,0.12006411238825032,0.06078486855133189,0.06050000000000001,0.5062700863916135,0.05300127713920817,0.0006381620931716656
feature_054,1563,4.838522712731926,0.05958067268892918,0.052999999999999936,0.012313814820410081,0.020473448496481125,0.0025526483726866626
feature_305,1566,0.26491679438058746,0.05738748874740393,0.08249999999999999,0.2166245778474857,0.001277139208173691,0.0006381620931716656
feature_214,1543,0.08326843810758264,0.05645567199791888,0.03674999999999999,0.6779960484544969,0.04212572909915749,0.015315890236119975
feature_222,1567,0.008821186981493298,0.055936767099401666,0.0040999999999999995,6.341183699739736,0.08806636885768986,0.0
feature_053,1563,4.592971209213052,0.054949620183109386,0.04300000000000015,0.01196385034438836,0.018554062699936022,0.0025526483726866626
feature_132,1559,2.3185446440025657,0.053180803533108646,0.08099999999999996,0.022937148814741477,0.0,0.005105296745373325
feature_213,1543,0.06034614387556708,0.05302956395031069,0.0373,0.8787564630418958,0.023979261179520414,0.015315890236119975
feature_089,1516,0.18870323218997362,0.05237286447618119,0.031049999999999994,0.2775408977809969,0.009234828496042216,0.03254626675175495
feature_560,1566,0.0724434227330779,0.051577825356765514,0.05279999999999999,0.7119738881859169,0.05427841634738186,0.0006381620931716656
feature_206,1561,0.0012812299807815502,0.050620746355255375,0.0,39.50949253027682,0.0,0.0038289725590299937
feature_248,1567,0.025171218889597953,0.04923507178550761,0.012600000000000002,1.9560066598862276,0.03828972559029994,0.0
feature_080,1543,-0.018530784186649385,0.04922601878995139,0.053599999999999995,2.6564455283774,0.025275437459494492,0.015315890236119975
feature_112,852,0.457537676056338,0.04893948036768213,0.0071249999999999925,0.10696273318846,0.046948356807511735,0.4562858966177409
feature_078,1543,-0.01364257939079715,0.04787230157881146,0.059800000000000006,3.509035953355316,0.01101749837977965,0.015315890236119975
feature_168,1565,0.12439680511182108,0.04763862920302921,0.061,0.38295701533657994,0.015335463258785943,0.0012763241863433313
feature_217,1543,0.07163538561244329,0.04628346265847662,0.04055000000000001,0.6460977666662695,0.03953337653920933,0.015315890236119975
feature_310,1566,0.30475178799489144,0.043459845886389924,0.05334999999999995,0.14260735325732835,0.015964240102171137,0.0006381620931716656
feature_210,1543,0.08886578094620869,0.04206453963808064,0.033850000000000005,0.47334912482840513,0.06416072585871678,0.015315890236119975
feature_157,138,0.047104347826086954,0.03953765066837538,0.021825000000000004,0.8393630841541756,0.09420289855072464,0.9119336311423102
feature_393,1567,0.13398953414167197,0.03840849260500818,0.05599999999999998,0.2866529304027394,0.0019144862795149968,0.0
feature_251,1567,0.004284811742182515,0.037472492069381025,0.0006,8.745423212057856,0.12827058072750477,0.0
feature_086,1567,2.4018715379706443,0.03733186120689418,0.05174999999999974,0.01554282176074916,0.014039566049776643,0.0
feature_082,1543,0.0060548930654569025,0.036074309390850705,0.044899999999999995,5.957877207882372,0.02916396629941672,0.015315890236119975
feature_308,1566,0.21841424010217114,0.033593215620837266,0.0403,0.15380506145168385,0.022988505747126436,0.0006381620931716656
feature_076,1543,-0.02939047310434219,0.03320327939551294,0.0454,1.1297293268343964,0.008425145819831496,0.015315890236119975
feature_030,1565,0.18415891373801918,0.03294394301191376,0.045399999999999996,0.17888866926517147,0.0076677316293929714,0.0012763241863433313
feature_567,1294,0.06008639876352396,0.032760950249756275,0.03707500000000001,0.5452307165002562,0.03786707882534776,0.1742182514358647
feature_320,1566,0.04310491698595147,0.03188479233423949,0.019000000000000003,0.7397019774943823,0.026181353767560665,0.0006381620931716656
feature_212,1543,0.05143208036292936,0.031577643814254805,0.029949999999999997,0.6139678502488689,0.0492546986390149,0.015315890236119975
feature_077,1543,-0.007041412832145172,0.03136823307920039,0.03875,4.454820904123021,0.02268308489954634,0.015315890236119975
feature_215,1543,0.08107556707712249,0.03043682160672054,0.03509999999999999,0.37541299683747825,0.012313674659753726,0.015315890236119975
feature_267,1559,0.07058691468890316,0.02964867144185025,0.04765000000000001,0.4200307036016587,0.0,0.005105296745373325
feature_311,1566,0.09734431673052361,0.028796173472484938,0.0383,0.2958177163254515,0.0031928480204342275,0.0006381620931716656
feature_309,1566,0.1289212643678161,0.02747010529499158,0.03390000000000001,0.21307660477652918,0.017879948914431672,0.0006381620931716656
feature_307,1566,0.12892094508301405,0.027467646411038542,0.03390000000000001,0.21305805967642985,0.017879948914431672,0.0006381620931716656
feature_147,1565,0.01741099041533546,0.027122909963026458,0.0113,1.5578039684139287,0.008306709265175719,0.0012763241863433313
feature_382,549,0.0018256830601092891,0.02673996257104384,0.0004,14.64655238102671,0.061930783242258654,0.6496490108487556
feature_145,1565,0.06362140575079872,0.026540583373346135,0.0238,0.41716436567440884,0.04600638977635783,0.0012763241863433313
feature_216,1543,0.08348353856124431,0.025764309384381366,0.027999999999999997,0.308615444773947,0.0356448476992871,0.015315890236119975
feature_291,1567,0.019926228462029356,0.02554882126842164,0.011099999999999999,1.2821704477145024,0.03190810465858328,0.0
feature_306,1566,0.048623116219667945,0.025399957777037786,0.0221,0.5223844079076848,0.05683269476372925,0.0006381620931716656
feature_211,1543,0.0567549578742709,0.02500514369357546,0.020399999999999995,0.44058078148818797,0.049902786779001944,0.015315890236119975
feature_351,1543,0.027584251458198317,0.024562918063232752,0.0173,0.8904689003598975,0.0220349967595593,0.015315890236119975
feature_221,1567,0.06071754945756221,0.02330522674165929,0.0363,0.38383016030559985,0.004467134652201659,0.0
feature_079,1543,0.0034583279325988325,0.023079647668497637,0.024,6.673643482720262,0.05832793259883344,0.015315890236119975
feature_253,1543,0.033216202203499676,0.022425105715950116,0.013400000000000002,0.6751255179193061,0.027867790019442645,0.015315890236119975
feature_355,1543,0.03454309786130914,0.022306691777344106,0.021099999999999997,0.6457640790326821,0.046662346079066754,0.015315890236119975
feature_075,1543,-0.006903046014257938,0.022292167022524706,0.02665,3.229323254760466,0.02268308489954634,0.015315890236119975
feature_146,1565,0.05501003194888179,0.021844487744507778,0.019200000000000002,0.3971000737612155,0.054952076677316296,0.0012763241863433313
feature_362,1516,0.01838291556728232,0.021644055236286347,0.009099999999999999,1.1774005683194324,0.10883905013192612,0.03254626675175495
feature_279,1565,0.04105686900958467,0.020289164688217655,0.0175,0.49417223421204326,0.07156549520766774,0.0012763241863433313
feature_360,1567,0.0029448627951499675,0.020002568739022588,0.0014,6.792360164271747,0.08679004467134652,0.0
feature_583,1566,0.015317752234993615,0.017179920787564994,0.004900000000000002,1.1215693088648626,0.05044699872286079,0.0006381620931716656
feature_081,1543,-0.021153337653920933,0.017021124441250673,0.015199999999999998,0.8046543160103,0.09980557355800389,0.015315890236119975
feature_020,1567,1.4050542437779197,0.01673693251882698,0.01849999999999996,0.011911947594154515,0.018506700701978303,0.0
feature_249,1567,0.001065220165922144,0.015770787828204697,0.0,14.805190826022505,0.0,0.0
feature_353,1543,0.04033052495139338,0.015499273073510783,0.02,0.3843062566676385,0.004536616979909268,0.015315890236119975
feature_386,1567,0.008280791320995531,0.015488133549750038,0.0045,1.870368778703631,0.03382259093809828,0.0
feature_009,1565,-0.0008410223642172522,0.015116189521664191,0.019200000000000002,17.973588057593425,0.016613418530351438,0.0012763241863433313
feature_303,1565,0.0403438338658147,0.014510612418506173,0.0186,0.35967361125789593,0.011501597444089457,0.0012763241863433313
feature_385,852,0.011426995305164316,0.01436562841639247,0.006025,1.2571658631819047,0.11854460093896714,0.4562858966177409
feature_350,1543,0.023202073882047956,0.01432565504901551,0.013900000000000001,0.6174299384547534,0.04342190537913156,0.015315890236119975
feature_352,1543,0.02335573558003888,0.01315715363556871,0.0109,0.5633371550418454,0.03629293583927414,0.015315890236119975
feature_354,1543,0.041920998055735584,0.013067898600812283,0.015150000000000004,0.3117268005746907,0.02592352559948153,0.015315890236119975
feature_087,1567,0.982420293554563,0.012847842091247771,0.013900000000000023,0.013077745009482758,0.008934269304403318,0.0
feature_011,1565,0.9643527795527156,0.012452051783214598,0.0132000000000001,0.01291234084376268,0.005111821086261981,0.0012763241863433313
feature_586,1566,0.021458429118773943,0.012358175980665352,0.014175,0.5759124264065166,0.020434227330779056,0.0006381620931716656
feature_113,1567,0.9454241863433311,0.01213287211602843,0.013700000000000045,0.012833257590918424,0.022335673261008295,0.0
feature_017,1564,0.971443925831202,0.012062412664690256,0.008600000000000052,0.012416993244740531,0.010230179028132993,0.0019144862795149968
feature_348,1543,0.024705703175631887,0.011862481313499937,0.009300000000000003,0.4801515354236233,0.06480881399870382,0.015315890236119975
feature_389,1567,0.0013383535417996171,0.011816004389790637,0.0002,8.82876162445257,0.1206126356094448,0.0
feature_578,618,0.021614563106796117,0.011730310164318606,0.0139,0.5427040142500186,0.021035598705501618,0.6056158264199106
feature_292,138,0.01448695652173913,0.011493653126942513,0.006199999999999999,0.7933794175260439,0.10869565217391304,0.9119336311423102
feature_342,1561,0.00028648302370275463,0.011318798885035102,0.0,39.50949253027682,0.0,0.0038289725590299937
feature_227,1565,0.01912504792332268,0.010755712754397951,0.008,0.5623888001494384,0.06964856230031949,0.0012763241863433313
feature_228,1565,0.0178444089456869,0.01074487814635285,0.0074,0.6021425634806442,0.0536741214057508,0.0012763241863433313
feature_405,1559,0.02420750481077614,0.010728270039700985,0.0183000000000001,0.44317950666791656,0.0,0.005105296745373325
feature_349,1543,0.02525223590408295,0.010603207483607125,0.009000000000000001,0.4198918275546732,0.046662346079066754,0.015315890236119975
feature_579,618,0.016829449838187703,0.009640132887856619,0.0094,0.5728133112219863,0.04854368932038835,0.6056158264199106
feature_116,1567,0.9871299298021697,0.0094965042399418,0.0013999999999999568,0.009620318413245753,0.1225271218889598,0.0
feature_153,1564,0.011926470588235294,0.009345677016570107,0.007625,0.7836079372709831,0.010869565217391304,0.0019144862795149968
feature_010,1565,0.0001457507987220444,0.009302105069446658,0.0115,63.821983488312384,0.019169329073482427,0.0012763241863433313
feature_254,1567,0.01394320357370772,0.009132138563170602,0.0166,0.6549526810603843,0.0025526483726866626,0.0
feature_007,1558,0.12182150192554558,0.008961318060306015,0.002699999999999994,0.07356105382597368,0.007702182284980745,0.00574345883854499
feature_119,1567,0.9707770899808551,0.00894856194452718,0.013499999999999956,0.009217936884670049,0.0019144862795149968,0.0
feature_587,1566,0.016474904214559383,0.008807535393245908,0.009699999999999999,0.5346031320450663,0.038314176245210725,0.0006381620931716656
feature_109,549,0.9799925318761384,0.008694888944683947,0.0034999999999999476,0.008872403270296448,0.0036429872495446266,0.6496490108487556
feature_282,1565,0.005769840255591053,0.008550366665537237,0.0038000000000000004,1.4819070003284436,0.008306709265175719,0.0012763241863433313
feature_118,1543,0.5984116655865198,0.008101517448429837,0.009300000000000086,0.013538368174172066,0.020090732339598186,0.015315890236119975
feature_359,1567,0.019839948947032542,0.007136357506797489,0.011200000000000002,0.3596963644336833,0.007019783024888321,0.0
feature_056,1563,0.9288493282149712,0.006807361515537244,0.007650000000000046,0.007328811367737524,0.016634676903390915,0.0025526483726866626
feature_391,1543,0.010955994815294879,0.006737707837632237,0.0040999999999999995,0.6149791005948821,0.029812054439403757,0.015315890236119975
feature_280,1565,0.018033546325878592,0.006483010889275725,0.006499999999999999,0.3594972820167069,0.02619808306709265,0.0012763241863433313
feature_281,1565,0.01509405750798722,0.005545481256159795,0.004699999999999999,0.36739499986834756,0.05686900958466454,0.0012763241863433313
feature_084,1555,0.13310790996784566,0.005051301341521237,0.006500000000000006,0.03794891935979958,0.0090032154340836,0.007657945118059987
feature_387,1567,0.00033924696873005735,0.0049893344938820305,0.0,14.707086440769645,0.0,0.0
feature_057,1563,0.9492150351887396,0.004175952180674276,0.005349999999999966,0.004399374246999722,0.010876519513755598,0.0025526483726866626
feature_584,1566,0.0038465517241379307,0.0037204448855646523,0.0010000000000000005,0.9672156134592105,0.035759897828863345,0.0006381620931716656
feature_582,1566,0.5000961685823755,0.0034043251020306237,0.004475000000000007,0.0068073408994131605,0.006385696040868455,0.0006381620931716656
feature_092,1565,0.0005069009584664538,0.003231024228277144,0.0031999999999999997,6.374074016454972,0.04664536741214057,0.0012763241863433313
feature_105,1561,-0.0004978859705317103,0.0032023291827482773,0.003,6.431852617434459,0.053171044202434334,0.0038289725590299937
feature_580,618,0.005395954692556633,0.003115985835278885,0.003075,0.5774670123856273,0.05663430420711974,0.6056158264199106
feature_103,1565,-0.009789073482428114,0.0030645488768766076,0.003599999999999999,0.3130581134545194,0.017891373801916934,0.0012763241863433313
feature_093,1565,-0.000540511182108626,0.003009833796536164,0.0026,5.568494965810496,0.07412140575079872,0.0012763241863433313
feature_106,1561,0.0005395259449071107,0.0029879127490006346,0.0026,5.538033485146037,0.07367072389493914,0.0038289725590299937
feature_392,1567,0.004532801531589022,0.0029555534671379764,0.0054,0.6520368135557604,0.0025526483726866626,0.0
feature_288,1564,0.003923657289002558,0.002936095295730202,0.0025,0.748305746263735,0.010230179028132993,0.0019144862795149968
feature_085,226,0.11278318584070797,0.002928326109795445,0.004174999999999998,0.025964208121690556,0.0,0.8557753669432036
feature_588,1566,0.005283333333333332,0.0028670715096651396,0.0031000000000000003,0.5426633772236858,0.041507024265644954,0.0006381620931716656
feature_542,1565,0.11120843450479233,0.002736759413485171,0.003799999999999998,0.024609279194261435,0.0,0.0012763241863433313
feature_367,1561,0.0037732863549007037,0.0026990805700678024,0.0015999999999999999,0.7153129437319978,0.108263933376041,0.0038289725590299937
feature_365,1565,0.0051985303514377,0.002656010245061626,0.0019999999999999996,0.5109155983531158,0.06134185303514377,0.0012763241863433313
feature_366,1565,0.0048139936102236415,0.002382449085386805,0.0019000000000000002,0.4949007577257928,0.049201277955271565,0.0012763241863433313
feature_131,1558,0.9978083440308086,0.002250576394821345,0.0025000000000000577,0.002255519718075093,0.010269576379974325,0.00574345883854499
feature_368,1561,0.0031716207559256884,0.0021066824081722064,0.0013999999999999998,0.6642289763794087,0.08840486867392697,0.0038289725590299937
feature_220,226,0.009212831858407076,0.0019890062148504913,0.0025000000000000005,0.21589520414783692,0.008849557522123894,0.8557753669432036
feature_238,1565,0.004791373801916932,0.0016979477507117167,0.002,0.3543759725096802,0.01597444089456869,0.0012763241863433313
feature_114,1567,0.00012252712188895982,0.0016680941765185792,0.0,13.61408111773236,0.0,0.0
feature_219,1555,0.0032540192926045017,0.0016461065915743328,0.0015,0.5058687252763019,0.04051446945337621,0.007657945118059987
feature_543,1565,0.008470862619808306,0.0015335446409861135,0.0011999999999999997,0.18103760027934643,0.09776357827476038,0.0012763241863433313
feature_239,1565,0.004574888178913737,0.0014414052325399055,0.0017000000000000001,0.3150689538563002,0.017891373801916934,0.0012763241863433313
feature_143,1558,0.004169448010269576,0.001281809325877089,0.0015999999999999999,0.307429022431728,0.023106546854942234,0.00574345883854499
feature_104,1565,-1.4632587859424918e-05,0.000850708638613734,0.0008,58.13794844674646,0.02939297124600639,0.0012763241863433313
feature_376,1565,0.0016008306709265176,0.0005343500725944657,0.0006000000000000001,0.3337954989862846,0.014696485623003195,0.0012763241863433313
feature_357,1555,0.0009988424437299035,0.0005009244455283376,0.0004000000000000001,0.5015049657459213,0.04051446945337621,0.007657945118059987
feature_377,1565,0.00157073482428115,0.0004665400582248407,0.0005,0.2970202551142608,0.020447284345047924,0.0012763241863433313
feature_358,226,0.002442920353982301,0.00039470761367749836,0.0005,0.1615720353035947,0.008849557522123894,0.8557753669432036
feature_100,1561,-2.1268417680973738e-05,0.0003555366912193449,0.0004,16.716649849198713,0.02370275464445868,0.0038289725590299937
feature_278,1558,0.0011174582798459565,0.0003400339387536143,0.00039999999999999996,0.30429228982086787,0.031450577663671375,0.00574345883854499
feature_544,1565,0.0025092012779552716,0.00029552015522922185,0.0002000000000000001,0.11777459139110551,0.15271565495207667,0.0012763241863433313
feature_101,1561,-7.23894939141576e-06,0.000220762373512552,0.0002,30.49646593390209,0.039077514413837285,0.0038289725590299937
feature_094,1561,-2.9147982062780273e-05,0.0001741347967703349,0.0002,5.9741630276591815,0.021780909673286355,0.0038289725590299937
feature_095,1561,6.0025624599615635e-05,0.00010440797375672332,0.0001,1.7393900430549103,0.03459320948110186,0.0038289725590299937
feature_261,1558,0.0,0.0,0.0,,0.0,0.00574345883854499
feature_394,1558,0.0,0.0,0.0,,0.0,0.00574345883854499
feature_262,1558,0.0,0.0,0.0,,0.0,0.00574345883854499
feature_263,1558,0.0,0.0,0.0,,0.0,0.00574345883854499
feature_237,1561,0.0,0.0,0.0,,0.0,0.0038289725590299937
feature_241,1561,0.0,0.0,0.0,,0.0,0.0038289725590299937
feature_257,1558,0.0,0.0,0.0,,0.0,0.00574345883854499
feature_256,1558,0.0,0.0,0.0,,0.0,0.00574345883854499
feature_240,1561,0.0,0.0,0.0,,0.0,0.0038289725590299937
feature_243,1561,0.0,0.0,0.0,,0.0,0.0038289725590299937
feature_242,1561,0.0,0.0,0.0,,0.0,0.0038289725590299937
feature_380,1561,0.0,0.0,0.0,,0.0,0.0038289725590299937
feature_381,1561,0.0,0.0,0.0,,0.0,0.0038289725590299937
feature_378,1561,0.0,0.0,0.0,,0.0,0.0038289725590299937
feature_379,1561,0.0,0.0,0.0,,0.0,0.0038289725590299937
feature_232,1561,0.0,0.0,0.0,,0.0,0.0038289725590299937
feature_233,1561,0.0,0.0,0.0,,0.0,0.0038289725590299937
feature_260,1558,0.0,0.0,0.0,,0.0,0.00574345883854499
feature_258,1558,0.0,0.0,0.0,,0.0,0.00574345883854499
feature_259,1558,0.0,0.0,0.0,,0.0,0.00574345883854499
feature_364,1561,0.0,0.0,0.0,,0.0,0.0038289725590299937
feature_369,1561,0.0,0.0,0.0,,0.0,0.0038289725590299937
feature_371,1561,0.0,0.0,0.0,,0.0,0.0038289725590299937
feature_370,1561,0.0,0.0,0.0,,0.0,0.0038289725590299937
feature_372,1561,0.0,0.0,0.0,,0.0,0.0038289725590299937
feature_373,1561,0.0,0.0,0.0,,0.0,0.0038289725590299937
feature_374,1561,0.0,0.0,0.0,,0.0,0.0038289725590299937
feature_375,1561,0.0,0.0,0.0,,0.0,0.0038289725590299937
feature_069,1561,1.0,0.0,0.0,0.0,0.0,0.0038289725590299937
feature_042,1566,70.0,0.0,0.0,0.0,0.0,0.0006381620931716656
feature_049,1566,1.0,0.0,0.0,0.0,0.0,0.0006381620931716656
feature_276,1553,0.0,0.0,0.0,,0.0,0.008934269304403318
feature_013,1564,0.0,0.0,0.0,,0.0,0.0019144862795149968
feature_264,1558,0.0,0.0,0.0,,0.0,0.00574345883854499
feature_265,1558,0.0,0.0,0.0,,0.0,0.00574345883854499
feature_266,1558,0.0,0.0,0.0,,0.0,0.00574345883854499
feature_284,1564,0.0,0.0,0.0,,0.0,0.0019144862795149968
feature_534,1558,0.0,0.0,0.0,,0.0,0.00574345883854499
feature_533,1558,0.0,0.0,0.0,,0.0,0.00574345883854499
feature_532,1558,0.0,0.0,0.0,,0.0,0.00574345883854499
feature_535,1558,0.0,0.0,0.0,,0.0,0.00574345883854499
feature_530,1558,0.0,0.0,0.0,,0.0,0.00574345883854499
feature_529,1558,0.0,0.0,0.0,,0.0,0.00574345883854499
feature_528,1558,0.0,0.0,0.0,,0.0,0.00574345883854499
feature_531,1558,0.0,0.0,0.0,,0.0,0.00574345883854499
feature_537,1558,0.0,0.0,0.0,,0.0,0.00574345883854499
feature_538,1558,0.0,0.0,0.0,,0.0,0.00574345883854499
feature_052,1566,0.0,0.0,0.0,,0.0,0.0006381620931716656
feature_536,1558,0.0,0.0,0.0,,0.0,0.00574345883854499
feature_234,1561,0.0,0.0,0.0,,0.0,0.0038289725590299937
feature_235,1561,0.0,0.0,0.0,,0.0,0.0038289725590299937
feature_236,1561,0.0,0.0,0.0,,0.0,0.0038289725590299937
feature_403,1558,0.0,0.0,0.0,,0.0,0.00574345883854499
feature_402,1558,0.0,0.0,0.0,,0.0,0.00574345883854499
feature_401,1558,0.0,0.0,0.0,,0.0,0.00574345883854499
feature_400,1558,0.0,0.0,0.0,,0.0,0.00574345883854499
feature_399,1558,0.0,0.0,0.0,,0.0,0.00574345883854499
feature_398,1558,0.0,0.0,0.0,,0.0,0.00574345883854499
feature_397,1558,0.0,0.0,0.0,,0.0,0.00574345883854499
feature_396,1558,0.0,0.0,0.0,,0.0,0.00574345883854499
feature_395,1558,0.0,0.0,0.0,,0.0,0.00574345883854499
feature_451,1566,0.0,0.0,0.0,,0.0,0.0006381620931716656
feature_449,1543,0.0,0.0,0.0,,0.0,0.015315890236119975
feature_450,1543,0.0,0.0,0.0,,0.0,0.015315890236119975
feature_194,1563,0.0,0.0,0.0,,0.0,0.0025526483726866626
feature_141,1553,0.0,0.0,0.0,,0.0,0.008934269304403318
feature_458,1566,0.0,0.0,0.0,,0.0,0.0006381620931716656
feature_193,1563,0.0,0.0,0.0,,0.0,0.0025526483726866626
feature_231,1561,0.0,0.0,0.0,,0.0,0.0038289725590299937
feature_178,1543,0.0,0.0,0.0,,0.0,0.015315890236119975
feature_414,1553,0.0,0.0,0.0,,0.0,0.008934269304403318
feature_422,1564,0.0,0.0,0.0,,0.0,0.0019144862795149968
feature_404,1558,0.0,0.0,0.0,,0.0,0.00574345883854499
feature_226,1561,0.0,0.0,0.0,,0.0,0.0038289725590299937
feature_230,1561,0.0,0.0,0.0,,0.0,0.0038289725590299937
feature_229,1561,0.0,0.0,0.0,,0.0,0.0038289725590299937
feature_189,1566,0.0,0.0,0.0,,0.0,0.0006381620931716656
feature_190,1563,0.0,0.0,0.0,,0.0,0.0025526483726866626
feature_179,1566,0.0,0.0,0.0,,0.0,0.0006381620931716656
feature_186,1566,0.0,0.0,0.0,,0.0,0.0006381620931716656
feature_191,1563,0.0,0.0,0.0,,0.0,0.0025526483726866626
feature_149,1564,0.0,0.0,0.0,,0.0,0.0019144862795149968
feature_461,1566,0.0,0.0,0.0,,0.0,0.0006381620931716656
feature_192,1563,0.0,0.0,0.0,,0.0,0.0025526483726866626
feature_465,1563,0.0,0.0,0.0,,0.0,0.0025526483726866626
feature_464,1563,0.0,0.0,0.0,,0.0,0.0025526483726866626
feature_462,1563,0.0,0.0,0.0,,0.0,0.0025526483726866626
feature_463,1563,0.0,0.0,0.0,,0.0,0.0025526483726866626
feature_481,1561,0.0,0.0,0.0,,0.0,0.0038289725590299937
feature_466,1563,0.0,0.0,0.0,,0.0,0.0025526483726866626
feature_325,1566,0.0,0.0,0.0,,0.0,0.0006381620931716656
feature_322,1566,0.0,0.0,0.0,,0.0,0.0006381620931716656
feature_314,1543,0.0,0.0,0.0,,0.0,0.015315890236119975
feature_501,1561,0.0,0.0,0.0,,0.0,0.0038289725590299937
feature_498,1561,0.0,0.0,0.0,,0.0,0.0038289725590299937
feature_313,1543,0.0,0.0,0.0,,0.0,0.015315890236119975
feature_502,1561,0.0,0.0,0.0,,0.0,0.0038289725590299937
feature_326,1563,0.0,0.0,0.0,,0.0,0.0025526483726866626
feature_327,1563,0.0,0.0,0.0,,0.0,0.0025526483726866626
feature_328,1563,0.0,0.0,0.0,,0.0,0.0025526483726866626
feature_330,1563,0.0,0.0,0.0,,0.0,0.0025526483726866626
feature_329,1563,0.0,0.0,0.0,,0.0,0.0025526483726866626
feature_315,1566,0.0,0.0,0.0,,0.0,0.0006381620931716656
feature_514,1561,0.0,0.0,0.0,,0.0,0.0038289725590299937
feature_512,1561,0.0,0.0,0.0,,0.0,0.0038289725590299937
feature_513,1561,0.0,0.0,0.0,,0.0,0.0038289725590299937
feature_508,1561,0.0,0.0,0.0,,0.0,0.0038289725590299937
feature_509,1561,0.0,0.0,0.0,,0.0,0.0038289725590299937
feature_505,1561,0.0,0.0,0.0,,0.0,0.0038289725590299937
feature_504,1561,0.0,0.0,0.0,,0.0,0.0038289725590299937
feature_503,1561,0.0,0.0,0.0,,0.0,0.0038289725590299937
feature_515,1561,0.0,0.0,0.0,,0.0,0.0038289725590299937
feature_506,1561,0.0,0.0,0.0,,0.0,0.0038289725590299937
feature_507,1561,0.0,0.0,0.0,,0.0,0.0038289725590299937
feature_097,1561,0.0,0.0,0.0,,0.0,0.0038289725590299937
feature_005,1553,100.0,0.0,0.0,0.0,0.0,0.008934269304403318
